,time,sum cs power,sum hpc,sum public,sum home,sum work
0,2021-09-17 00:00:00,110.1,0.0,51.4,58.7,0.0
1,2021-09-17 00:15:00,85.2432,0.0,44.234,41.0092,0.0
2,2021-09-17 00:30:00,57.2452,0.0,30.514,26.7312,0.0
3,2021-09-17 00:45:00,62.5,0.0,33.1,29.4,0.0
4,2021-09-17 01:00:00,58.5424,0.0,30.1316,28.4108,0.0
5,2021-09-17 01:15:00,34.4924,0.0,25.7,8.7924,0.0
6,2021-09-17 01:30:00,40.4,0.0,25.7,14.7,0.0
7,2021-09-17 01:45:00,29.8544,0.0,15.1544,14.7,0.0
8,2021-09-17 02:00:00,20.2364,0.0,8.8192,11.4172,0.0
9,2021-09-17 02:15:00,29.4,0.0,7.4,22.0,0.0
10,2021-09-17 02:30:00,40.4,0.0,18.4,22.0,0.0
11,2021-09-17 02:45:00,40.4,0.0,18.4,22.0,0.0
12,2021-09-17 03:00:00,40.4,0.0,18.4,22.0,0.0
13,2021-09-17 03:15:00,32.4,0.0,18.4,14.0,0.0
14,2021-09-17 03:30:00,24.4924,0.0,18.4,6.0924,0.0
15,2021-09-17 03:45:00,18.4,0.0,18.4,0.0,0.0
16,2021-09-17 04:00:00,11.9748,0.0,11.9748,0.0,0.0
17,2021-09-17 04:15:00,22.0,0.0,11.0,0.0,11.0
18,2021-09-17 04:30:00,22.0,0.0,11.0,0.0,11.0
19,2021-09-17 04:45:00,22.0,0.0,11.0,0.0,11.0
20,2021-09-17 05:00:00,22.0,0.0,11.0,0.0,11.0
21,2021-09-17 05:15:00,14.2324,0.0,11.0,0.0,3.2324
22,2021-09-17 05:30:00,11.0,0.0,11.0,0.0,0.0
23,2021-09-17 05:45:00,22.0,0.0,22.0,0.0,0.0
24,2021-09-17 06:00:00,22.0,0.0,22.0,0.0,0.0
25,2021-09-17 06:15:00,53.6252,0.0,33.0,3.7,16.9252
26,2021-09-17 06:30:00,64.2808,0.0,38.5808,3.7,22.0
27,2021-09-17 06:45:00,85.8924,0.0,38.1924,3.7,44.0
28,2021-09-17 07:00:00,136.342,0.0,59.8668,3.7,72.7752
29,2021-09-17 07:15:00,172.0576,0.0,57.8036,0.0,114.254
30,2021-09-17 07:30:00,168.1776,0.0,71.3056,0.0,96.872
31,2021-09-17 07:45:00,241.4188,0.0,96.3668,0.0,145.052
32,2021-09-17 08:00:00,215.9148,50.0,60.9312,0.0,104.9836
33,2021-09-17 08:15:00,225.4988,0.0,77.2,0.0,148.2988
34,2021-09-17 08:30:00,249.9044,0.0,88.2,0.0,161.7044
35,2021-09-17 08:45:00,291.4988,0.0,159.102,0.0,132.3968
36,2021-09-17 09:00:00,238.4724,0.0,161.4076,0.0,77.0648
37,2021-09-17 09:15:00,208.5172,0.0,161.2576,0.0,47.2596
38,2021-09-17 09:30:00,130.8528,0.0,105.708,0.0,25.1448
39,2021-09-17 09:45:00,161.8,0.0,117.6,0.0,44.2
40,2021-09-17 10:00:00,148.5356,0.0,106.6,0.0,41.9356
41,2021-09-17 10:15:00,208.4568,50.0,110.07,0.0,48.3868
42,2021-09-17 10:30:00,172.6584,0.0,115.3556,0.0,57.3028
43,2021-09-17 10:45:00,151.7868,0.0,104.5904,0.0,47.1964
44,2021-09-17 11:00:00,113.7608,0.0,84.2608,3.7,25.8
45,2021-09-17 11:15:00,130.5212,0.0,84.5,9.2212,36.8
46,2021-09-17 11:30:00,125.0,0.0,84.5,3.7,36.8
47,2021-09-17 11:45:00,131.3556,0.0,99.2,3.7,28.4556
48,2021-09-17 12:00:00,104.3992,0.0,66.2,14.7,23.4992
49,2021-09-17 12:15:00,118.1756,0.0,77.2,22.4756,18.5
50,2021-09-17 12:30:00,120.874,0.0,88.7,13.674,18.5
51,2021-09-17 12:45:00,96.0204,0.0,77.0204,3.7,15.3
52,2021-09-17 13:00:00,154.9548,0.0,121.1,20.8116,13.0432
53,2021-09-17 13:15:00,223.5264,0.0,163.8,37.6264,22.1
54,2021-09-17 13:30:00,214.0344,0.0,138.8204,31.722,43.492
55,2021-09-17 13:45:00,209.488,0.0,127.2,43.1264,39.1616
56,2021-09-17 14:00:00,202.0732,0.0,132.2732,33.1,36.7
57,2021-09-17 14:15:00,147.5392,0.0,88.1508,22.6884,36.7
58,2021-09-17 14:30:00,199.6964,0.0,82.2716,80.7248,36.7
59,2021-09-17 14:45:00,246.2888,50.0,79.812,79.7768,36.7
60,2021-09-17 15:00:00,205.9268,0.0,126.3492,59.7168,19.8608
61,2021-09-17 15:15:00,195.192,0.0,145.1968,35.2952,14.7
62,2021-09-17 15:30:00,210.8564,0.0,180.0744,16.082,14.7
63,2021-09-17 15:45:00,221.1392,0.0,163.1152,43.324,14.7
64,2021-09-17 16:00:00,192.0464,0.0,148.324,35.3612,8.3612
65,2021-09-17 16:15:00,173.7868,0.0,122.3868,47.7,3.7
66,2021-09-17 16:30:00,276.624,100.0,136.0,36.924,3.7
67,2021-09-17 16:45:00,265.446,50.0,167.646,44.1,3.7
68,2021-09-17 17:00:00,224.3216,0.0,194.7,25.9216,3.7
69,2021-09-17 17:15:00,208.58,0.0,187.2972,17.5828,3.7
70,2021-09-17 17:30:00,213.1212,0.0,192.5772,16.844,3.7
71,2021-09-17 17:45:00,241.1164,0.0,188.062,27.3544,25.7
72,2021-09-17 18:00:00,260.184,0.0,159.0572,75.4268,25.7
73,2021-09-17 18:15:00,322.9216,50.0,189.5512,57.6704,25.7
74,2021-09-17 18:30:00,297.9036,0.0,230.0848,42.1188,25.7
75,2021-09-17 18:45:00,259.1868,0.0,169.8892,63.5976,25.7
76,2021-09-17 19:00:00,252.5812,0.0,162.6496,64.2316,25.7
77,2021-09-17 19:15:00,280.6436,0.0,177.8436,77.1,25.7
78,2021-09-17 19:30:00,317.3596,0.0,204.4092,88.9824,23.968
79,2021-09-17 19:45:00,359.8272,50.0,233.5924,72.5348,3.7
80,2021-09-17 20:00:00,335.0552,50.0,217.9372,63.418,3.7
81,2021-09-17 20:15:00,206.7856,0.0,144.1212,58.9644,3.7
82,2021-09-17 20:30:00,199.5516,0.0,145.4552,50.3964,3.7
83,2021-09-17 20:45:00,232.9536,0.0,136.2108,71.0428,25.7
84,2021-09-17 21:00:00,258.1844,50.0,101.7844,84.4,22.0
85,2021-09-17 21:15:00,151.188,0.0,60.684,68.504,22.0
86,2021-09-17 21:30:00,151.556,50.0,42.5924,46.3948,12.5688
87,2021-09-17 21:45:00,83.3976,0.0,23.592,59.8056,0.0
88,2021-09-17 22:00:00,73.6,0.0,14.8,58.8,0.0
89,2021-09-17 22:15:00,71.4532,0.0,42.1224,29.3308,0.0
90,2021-09-17 22:30:00,112.6,50.0,40.5,22.1,0.0
91,2021-09-17 22:45:00,70.3216,0.0,51.5,18.8216,0.0
92,2021-09-17 23:00:00,159.6956,50.0,96.0708,13.6248,0.0
93,2021-09-17 23:15:00,110.8,0.0,99.7,11.1,0.0
94,2021-09-17 23:30:00,110.3,0.0,99.2,11.1,0.0
95,2021-09-17 23:45:00,148.9168,0.0,123.1168,25.8,0.0
96,2021-09-18 00:00:00,167.356,50.0,76.856,40.5,0.0
97,2021-09-18 00:15:00,113.9,0.0,51.4,62.5,0.0
98,2021-09-18 00:30:00,110.5192,0.0,42.0328,68.4864,0.0
99,2021-09-18 00:45:00,86.5116,0.0,40.4,46.1116,0.0
100,2021-09-18 01:00:00,77.1696,0.0,36.7696,40.4,0.0
101,2021-09-18 01:15:00,66.1,0.0,25.7,40.4,0.0
102,2021-09-18 01:30:00,58.7072,0.0,14.7,44.0072,0.0
103,2021-09-18 01:45:00,62.0444,0.0,29.4,32.6444,0.0
104,2021-09-18 02:00:00,36.9536,0.0,10.454,26.4996,0.0
105,2021-09-18 02:15:00,30.0368,0.0,7.4,22.6368,0.0
106,2021-09-18 02:30:00,36.4112,0.0,15.6372,20.774,0.0
107,2021-09-18 02:45:00,24.7,0.0,14.7,10.0,0.0
108,2021-09-18 03:00:00,14.7,0.0,14.7,0.0,0.0
109,2021-09-18 03:15:00,11.956,0.0,11.956,0.0,0.0
110,2021-09-18 03:30:00,11.0,0.0,11.0,0.0,0.0
111,2021-09-18 03:45:00,33.0,0.0,33.0,0.0,0.0
112,2021-09-18 04:00:00,33.0,0.0,33.0,0.0,0.0
113,2021-09-18 04:15:00,26.6496,0.0,26.6496,0.0,0.0
114,2021-09-18 04:30:00,11.0,0.0,11.0,0.0,0.0
115,2021-09-18 04:45:00,11.0,0.0,11.0,0.0,0.0
116,2021-09-18 05:00:00,21.0,0.0,10.0,0.0,11.0
117,2021-09-18 05:15:00,11.0,0.0,0.0,0.0,11.0
118,2021-09-18 05:30:00,18.5048,0.0,0.0,0.0,18.5048
119,2021-09-18 05:45:00,14.7,0.0,3.7,0.0,11.0
120,2021-09-18 06:00:00,13.4704,0.0,3.7,0.0,9.7704
121,2021-09-18 06:15:00,18.4,0.0,3.7,0.0,14.7
122,2021-09-18 06:30:00,22.1,0.0,3.7,0.0,18.4
123,2021-09-18 06:45:00,11.8884,0.0,3.7,0.0,8.1884
124,2021-09-18 07:00:00,11.1,0.0,3.7,0.0,7.4
125,2021-09-18 07:15:00,36.8,0.0,14.7,0.0,22.1
126,2021-09-18 07:30:00,51.8488,0.0,22.0,0.0,29.8488
127,2021-09-18 07:45:00,51.9544,0.0,36.7096,0.0,15.2448
128,2021-09-18 08:00:00,33.1,0.0,25.7,0.0,7.4
129,2021-09-18 08:15:00,58.8,0.0,36.7,3.7,18.4
130,2021-09-18 08:30:00,72.3048,0.0,44.4456,5.7592,22.1
131,2021-09-18 08:45:00,121.2,0.0,95.4,3.7,22.1
132,2021-09-18 09:00:00,155.5124,0.0,129.7124,3.7,22.1
133,2021-09-18 09:15:00,126.2812,0.0,106.7744,3.7,15.8068
134,2021-09-18 09:30:00,185.9,50.0,110.1,3.7,22.1
135,2021-09-18 09:45:00,143.866,0.0,113.8,14.7,15.366
136,2021-09-18 10:00:00,139.6,0.0,102.8,25.7,11.1
137,2021-09-18 10:15:00,134.8572,0.0,94.074,26.6812,14.102
138,2021-09-18 10:30:00,144.0552,0.0,96.2552,25.7,22.1
139,2021-09-18 10:45:00,234.482,50.0,127.8232,37.904,18.7548
140,2021-09-18 11:00:00,180.3704,0.0,150.5,25.6704,4.2
141,2021-09-18 11:15:00,202.0732,0.0,168.9732,29.4,3.7
142,2021-09-18 11:30:00,187.0236,0.0,150.2236,33.1,3.7
143,2021-09-18 11:45:00,172.944,0.0,139.4824,30.8896,2.572
144,2021-09-18 12:00:00,128.7,0.0,113.9,14.8,0.0
145,2021-09-18 12:15:00,306.1044,150.0,112.0044,44.1,0.0
146,2021-09-18 12:30:00,178.6192,0.0,114.958,63.6612,0.0
147,2021-09-18 12:45:00,214.014,0.0,123.7564,90.2576,0.0
148,2021-09-18 13:00:00,168.116,0.0,118.6944,49.4216,0.0
149,2021-09-18 13:15:00,209.0408,0.0,149.7,59.3408,0.0
150,2021-09-18 13:30:00,163.552,0.0,111.6128,51.9392,0.0
151,2021-09-18 13:45:00,169.3624,0.0,110.694,58.6684,0.0
152,2021-09-18 14:00:00,169.9604,0.0,99.898,70.0624,0.0
153,2021-09-18 14:15:00,150.8416,0.0,93.6864,57.1552,0.0
154,2021-09-18 14:30:00,150.8956,0.0,107.1,43.7956,0.0
155,2021-09-18 14:45:00,168.4732,0.0,134.966,33.5072,0.0
156,2021-09-18 15:00:00,148.3396,0.0,126.1396,22.2,0.0
157,2021-09-18 15:15:00,197.6568,0.0,149.9048,47.752,0.0
158,2021-09-18 15:30:00,266.0092,0.0,211.274,54.7352,0.0
159,2021-09-18 15:45:00,241.238,0.0,189.738,51.5,0.0
160,2021-09-18 16:00:00,233.592,0.0,192.8456,40.7464,0.0
161,2021-09-18 16:15:00,160.5464,0.0,122.9428,37.6036,0.0
162,2021-09-18 16:30:00,136.9308,0.0,101.7888,35.142,0.0
163,2021-09-18 16:45:00,223.3052,0.0,186.5052,36.8,0.0
164,2021-09-18 17:00:00,275.8,50.0,185.9,36.2,3.7
165,2021-09-18 17:15:00,207.3084,0.0,148.4084,55.2,3.7
166,2021-09-18 17:30:00,174.8276,0.0,117.5912,53.5364,3.7
167,2021-09-18 17:45:00,205.6568,50.0,94.1,57.8568,3.7
168,2021-09-18 18:00:00,174.5604,0.0,124.9,45.9604,3.7
169,2021-09-18 18:15:00,190.1288,0.0,124.0288,62.4,3.7
170,2021-09-18 18:30:00,167.3844,0.0,81.002,82.6824,3.7
171,2021-09-18 18:45:00,201.2112,50.0,51.5,74.0112,25.7
172,2021-09-18 19:00:00,129.4448,0.0,55.2,51.5168,22.728
173,2021-09-18 19:15:00,99.136,0.0,47.2,47.7,4.236
174,2021-09-18 19:30:00,113.9,0.0,66.2,47.7,0.0
175,2021-09-18 19:45:00,135.754,0.0,78.054,57.7,0.0
176,2021-09-18 20:00:00,143.9712,0.0,83.1836,60.7876,0.0
177,2021-09-18 20:15:00,168.848,0.0,106.5,62.348,0.0
178,2021-09-18 20:30:00,176.0848,0.0,111.006,65.0788,0.0
179,2021-09-18 20:45:00,152.2608,0.0,126.7288,25.532,0.0
180,2021-09-18 21:00:00,131.3016,0.0,109.9016,21.4,0.0
181,2021-09-18 21:15:00,133.7192,0.0,106.9368,26.7824,0.0
182,2021-09-18 21:30:00,115.0352,0.0,89.3352,25.7,0.0
183,2021-09-18 21:45:00,99.0504,0.0,73.3504,25.7,0.0
184,2021-09-18 22:00:00,106.4132,0.0,80.7132,25.7,0.0
185,2021-09-18 22:15:00,132.3,0.0,77.2,44.1,11.0
186,2021-09-18 22:30:00,136.0,0.0,77.2,47.8,11.0
187,2021-09-18 22:45:00,136.5728,0.0,78.8588,57.5896,0.1244
188,2021-09-18 23:00:00,87.168,0.0,62.6,24.568,0.0
189,2021-09-18 23:15:00,176.6052,100.0,62.9944,13.6108,0.0
190,2021-09-18 23:30:00,74.194,0.0,59.494,14.7,0.0
191,2021-09-18 23:45:00,95.166,0.0,88.3,6.866,0.0
192,2021-09-19 00:00:00,102.6304,0.0,77.3796,25.2508,0.0
193,2021-09-19 00:15:00,97.7396,0.0,72.0396,25.7,0.0
194,2021-09-19 00:30:00,157.1988,50.0,69.9,37.2988,0.0
195,2021-09-19 00:45:00,107.9912,0.0,63.8912,44.1,0.0
196,2021-09-19 01:00:00,116.0964,0.0,61.2424,54.854,0.0
197,2021-09-19 01:15:00,82.2472,0.0,38.2052,44.042,0.0
198,2021-09-19 01:30:00,69.2,0.0,28.8,40.4,0.0
199,2021-09-19 01:45:00,92.5292,50.0,22.6,19.9292,0.0
200,2021-09-19 02:00:00,47.8,0.0,22.1,25.7,0.0
201,2021-09-19 02:15:00,31.9016,0.0,22.1,9.8016,0.0
202,2021-09-19 02:30:00,36.8,0.0,22.1,14.7,0.0
203,2021-09-19 02:45:00,38.8504,0.0,20.4504,18.4,0.0
204,2021-09-19 03:00:00,55.4916,0.0,37.0916,18.4,0.0
205,2021-09-19 03:15:00,44.1,0.0,25.7,18.4,0.0
206,2021-09-19 03:30:00,47.8,0.0,29.4,18.4,0.0
207,2021-09-19 03:45:00,44.2484,0.0,29.4,14.8484,0.0
208,2021-09-19 04:00:00,44.1,0.0,29.4,14.7,0.0
209,2021-09-19 04:15:00,36.1,0.0,29.4,6.7,0.0
210,2021-09-19 04:30:00,33.1,0.0,29.4,3.7,0.0
211,2021-09-19 04:45:00,33.1,0.0,29.4,3.7,0.0
212,2021-09-19 05:00:00,33.1,0.0,29.4,3.7,0.0
213,2021-09-19 05:15:00,33.1,0.0,29.4,3.7,0.0
214,2021-09-19 05:30:00,36.8,0.0,33.1,3.7,0.0
215,2021-09-19 05:45:00,31.6404,0.0,16.9404,3.7,11.0
216,2021-09-19 06:00:00,97.8,50.0,33.1,3.7,11.0
217,2021-09-19 06:15:00,36.2692,0.0,21.5692,3.7,11.0
218,2021-09-19 06:30:00,22.1,0.0,7.4,3.7,11.0
219,2021-09-19 06:45:00,32.1512,0.0,7.4,3.7,21.0512
220,2021-09-19 07:00:00,38.6568,0.0,4.5696,1.0872,33.0
221,2021-09-19 07:15:00,39.206,0.0,0.0,0.0,39.206
222,2021-09-19 07:30:00,33.0,0.0,0.0,0.0,33.0
223,2021-09-19 07:45:00,55.0,0.0,11.0,0.0,44.0
224,2021-09-19 08:00:00,88.0,0.0,44.0,0.0,44.0
225,2021-09-19 08:15:00,97.042,0.0,53.042,0.0,44.0
226,2021-09-19 08:30:00,95.7824,0.0,47.7,0.0,48.0824
227,2021-09-19 08:45:00,113.7,0.0,47.7,0.0,66.0
228,2021-09-19 09:00:00,168.8,0.0,102.8,0.0,66.0
229,2021-09-19 09:15:00,158.7412,0.0,99.3076,0.0,59.4336
230,2021-09-19 09:30:00,163.0804,0.0,91.8,11.0,60.2804
231,2021-09-19 09:45:00,190.3668,0.0,139.222,11.0,40.1448
232,2021-09-19 10:00:00,198.3,0.0,165.3,11.0,22.0
233,2021-09-19 10:15:00,190.4736,0.0,143.3,33.0,14.1736
234,2021-09-19 10:30:00,213.8436,0.0,168.3928,44.0,1.4508
235,2021-09-19 10:45:00,228.3428,0.0,198.3,30.0428,0.0
236,2021-09-19 11:00:00,214.4452,0.0,203.4452,11.0,0.0
237,2021-09-19 11:15:00,263.5624,0.0,237.8624,25.7,0.0
238,2021-09-19 11:30:00,257.1196,0.0,231.4196,25.7,0.0
239,2021-09-19 11:45:00,273.9148,0.0,215.2148,36.7,22.0
240,2021-09-19 12:00:00,278.5216,50.0,158.8216,47.7,22.0
241,2021-09-19 12:15:00,247.5848,0.0,182.9,52.6184,12.0664
242,2021-09-19 12:30:00,260.666,0.0,201.966,47.7,11.0
243,2021-09-19 12:45:00,240.2844,0.0,165.7,63.5844,11.0
244,2021-09-19 13:00:00,244.4396,0.0,163.3792,73.4976,7.5628
245,2021-09-19 13:15:00,272.0248,0.0,210.0296,61.9952,0.0
246,2021-09-19 13:30:00,244.608,0.0,185.908,47.7,11.0
247,2021-09-19 13:45:00,287.7804,0.0,181.3804,95.4,11.0
248,2021-09-19 14:00:00,264.2216,0.0,166.652,86.5696,11.0
249,2021-09-19 14:15:00,235.602,0.0,144.0972,80.5048,11.0
250,2021-09-19 14:30:00,220.7504,0.0,125.2504,84.5,11.0
251,2021-09-19 14:45:00,189.9636,0.0,105.6808,82.6192,1.6636
252,2021-09-19 15:00:00,190.5968,0.0,67.774,122.8228,0.0
253,2021-09-19 15:15:00,177.3656,0.0,73.5,103.8656,0.0
254,2021-09-19 15:30:00,206.4596,0.0,136.842,69.6176,0.0
255,2021-09-19 15:45:00,165.148,0.0,110.048,55.1,0.0
256,2021-09-19 16:00:00,193.1676,0.0,116.102,77.0656,0.0
257,2021-09-19 16:15:00,232.9616,50.0,80.2064,102.7552,0.0
258,2021-09-19 16:30:00,194.3904,0.0,98.9904,95.4,0.0
259,2021-09-19 16:45:00,165.1368,0.0,86.5116,78.6252,0.0
260,2021-09-19 17:00:00,141.0692,0.0,100.21,40.8592,0.0
261,2021-09-19 17:15:00,145.8696,0.0,110.3,35.5696,0.0
262,2021-09-19 17:30:00,199.0728,50.0,108.6728,40.4,0.0
263,2021-09-19 17:45:00,176.5276,0.0,122.7644,53.7632,0.0
264,2021-09-19 18:00:00,175.5648,0.0,124.5052,51.0596,0.0
265,2021-09-19 18:15:00,149.336,0.0,114.4772,34.8588,0.0
266,2021-09-19 18:30:00,193.1312,50.0,91.9932,51.138,0.0
267,2021-09-19 18:45:00,160.7948,0.0,102.8,57.9948,0.0
268,2021-09-19 19:00:00,189.8796,0.0,122.1508,67.7288,0.0
269,2021-09-19 19:15:00,179.9556,0.0,125.2544,54.7012,0.0
270,2021-09-19 19:30:00,193.2392,0.0,135.8,57.4392,0.0
271,2021-09-19 19:45:00,186.27,0.0,116.0548,70.2152,0.0
272,2021-09-19 20:00:00,139.2916,0.0,86.8752,52.4164,0.0
273,2021-09-19 20:15:00,123.8016,0.0,61.4016,62.4,0.0
274,2021-09-19 20:30:00,128.5752,0.0,44.1752,84.4,0.0
275,2021-09-19 20:45:00,101.4168,0.0,30.5452,70.8716,0.0
276,2021-09-19 21:00:00,68.1356,0.0,29.4,38.7356,0.0
277,2021-09-19 21:15:00,53.7,0.0,25.7,28.0,0.0
278,2021-09-19 21:30:00,83.4536,50.0,25.7,7.7536,0.0
279,2021-09-19 21:45:00,33.5548,0.0,22.5548,11.0,0.0
280,2021-09-19 22:00:00,62.528,0.0,18.528,44.0,0.0
281,2021-09-19 22:15:00,61.1364,0.0,14.7,46.4364,0.0
282,2021-09-19 22:30:00,52.3924,0.0,18.4,33.9924,0.0
283,2021-09-19 22:45:00,50.8,0.0,10.4,40.4,0.0
284,2021-09-19 23:00:00,68.5624,0.0,29.4,39.1624,0.0
285,2021-09-19 23:15:00,78.1044,0.0,48.7044,29.4,0.0
286,2021-09-19 23:30:00,91.8,0.0,47.7,44.1,0.0
287,2021-09-19 23:45:00,80.8,0.0,36.7,44.1,0.0
288,2021-09-20 00:00:00,103.3212,0.0,58.7,44.6212,0.0
289,2021-09-20 00:15:00,80.308,0.0,43.508,36.8,0.0
290,2021-09-20 00:30:00,57.8,0.0,22.0,35.8,0.0
291,2021-09-20 00:45:00,51.5,0.0,14.7,36.8,0.0
292,2021-09-20 01:00:00,47.8,0.0,14.7,33.1,0.0
293,2021-09-20 01:15:00,38.6652,0.0,14.7,23.9652,0.0
294,2021-09-20 01:30:00,47.8,0.0,14.7,33.1,0.0
295,2021-09-20 01:45:00,47.8,0.0,14.7,33.1,0.0
296,2021-09-20 02:00:00,44.0952,0.0,10.9952,33.1,0.0
297,2021-09-20 02:15:00,33.4684,0.0,0.3684,33.1,0.0
298,2021-09-20 02:30:00,23.9652,0.0,0.0,23.9652,0.0
299,2021-09-20 02:45:00,15.6168,0.0,0.0,15.6168,0.0
300,2021-09-20 03:00:00,14.7,0.0,0.0,14.7,0.0
301,2021-09-20 03:15:00,14.7,0.0,0.0,14.7,0.0
302,2021-09-20 03:30:00,11.5044,0.0,0.0,11.5044,0.0
303,2021-09-20 03:45:00,0.5,0.0,0.0,0.5,0.0
304,2021-09-20 04:00:00,14.7,0.0,3.7,0.0,11.0
305,2021-09-20 04:15:00,3.8088,0.0,3.7,0.0,0.1088
306,2021-09-20 04:30:00,3.7,0.0,3.7,0.0,0.0
307,2021-09-20 04:45:00,7.4,0.0,3.7,3.7,0.0
308,2021-09-20 05:00:00,7.4,0.0,3.7,3.7,0.0
309,2021-09-20 05:15:00,7.4,0.0,3.7,3.7,0.0
310,2021-09-20 05:30:00,11.1,0.0,7.4,3.7,0.0
311,2021-09-20 05:45:00,33.2,0.0,14.8,3.7,14.7
312,2021-09-20 06:00:00,47.9,0.0,18.5,3.7,25.7
313,2021-09-20 06:15:00,80.872,0.0,18.5,3.7,58.672
314,2021-09-20 06:30:00,132.3916,0.0,51.5,22.1916,58.7
315,2021-09-20 06:45:00,131.8448,0.0,59.444,2.7008,69.7
316,2021-09-20 07:00:00,184.1284,0.0,88.2,0.0,95.9284
317,2021-09-20 07:15:00,223.6556,0.0,117.5604,0.0,106.0952
318,2021-09-20 07:30:00,265.7936,0.0,126.3936,0.0,139.4
319,2021-09-20 07:45:00,292.8744,0.0,128.6468,0.0,164.2276
320,2021-09-20 08:00:00,316.6616,0.0,130.0656,0.0,186.596
321,2021-09-20 08:15:00,320.7928,0.0,139.8856,0.0,180.9072
322,2021-09-20 08:30:00,341.4532,0.0,152.1572,0.0,189.296
323,2021-09-20 08:45:00,340.1544,0.0,137.6968,3.7,198.7576
324,2021-09-20 09:00:00,284.6868,0.0,131.8812,2.7488,150.0568
325,2021-09-20 09:15:00,256.0132,0.0,120.3068,0.0,135.7064
326,2021-09-20 09:30:00,212.606,0.0,76.606,0.0,136.0
327,2021-09-20 09:45:00,205.166,0.0,80.8,3.7,120.666
328,2021-09-20 10:00:00,185.8116,0.0,69.8,3.7,112.3116
329,2021-09-20 10:15:00,195.2472,0.0,81.2472,3.7,110.3
330,2021-09-20 10:30:00,152.9684,0.0,46.1092,7.4,99.4592
331,2021-09-20 10:45:00,184.7168,0.0,59.9748,7.4,117.342
332,2021-09-20 11:00:00,151.4768,0.0,47.8,7.4,96.2768
333,2021-09-20 11:15:00,178.8328,0.0,83.2328,3.7,91.9
334,2021-09-20 11:30:00,163.4116,0.0,89.7248,3.7,69.9868
335,2021-09-20 11:45:00,171.1964,0.0,110.1,3.7,57.3964
336,2021-09-20 12:00:00,151.616,0.0,109.4052,3.7,38.5108
337,2021-09-20 12:15:00,290.4364,150.0,88.9644,14.572,36.9
338,2021-09-20 12:30:00,157.148,0.0,117.1464,3.1016,36.9
339,2021-09-20 12:45:00,161.8,0.0,113.8,11.1,36.9
340,2021-09-20 13:00:00,203.4528,0.0,107.7528,36.8,58.9
341,2021-09-20 13:15:00,221.5,0.0,128.5,40.5,52.5
342,2021-09-20 13:30:00,213.6628,0.0,114.036,48.1268,51.5
343,2021-09-20 13:45:00,186.2156,0.0,87.3864,59.8924,38.9368
344,2021-09-20 14:00:00,149.8772,0.0,77.1,51.5,21.2772
345,2021-09-20 14:15:00,132.9764,0.0,66.6764,51.5,14.8
346,2021-09-20 14:30:00,133.1712,0.0,66.406,51.9652,14.8
347,2021-09-20 14:45:00,158.762,0.0,75.2944,57.6676,25.8
348,2021-09-20 15:00:00,202.4508,0.0,91.1956,74.4552,36.8
349,2021-09-20 15:15:00,193.616,0.0,108.2724,59.8292,25.5144
350,2021-09-20 15:30:00,186.6848,0.0,136.8448,43.4848,6.3552
351,2021-09-20 15:45:00,205.5368,0.0,165.6332,36.2036,3.7
352,2021-09-20 16:00:00,175.2432,0.0,109.0432,62.5,3.7
353,2021-09-20 16:15:00,158.8276,0.0,97.5076,57.62,3.7
354,2021-09-20 16:30:00,132.928,0.0,90.5,38.728,3.7
355,2021-09-20 16:45:00,157.346,0.0,92.0628,64.734,0.5492
356,2021-09-20 17:00:00,222.6748,0.0,178.4,44.2748,0.0
357,2021-09-20 17:15:00,234.882,0.0,194.666,40.216,0.0
358,2021-09-20 17:30:00,213.6552,0.0,132.8552,69.8,11.0
359,2021-09-20 17:45:00,226.558,0.0,142.5564,73.0016,11.0
360,2021-09-20 18:00:00,197.5256,0.0,106.5864,79.9392,11.0
361,2021-09-20 18:15:00,225.2664,0.0,91.7396,122.5268,11.0
362,2021-09-20 18:30:00,217.7812,0.0,83.166,123.6152,11.0
363,2021-09-20 18:45:00,186.262,0.0,78.5612,96.7008,11.0
364,2021-09-20 19:00:00,173.818,0.0,88.5044,74.3136,11.0
365,2021-09-20 19:15:00,170.0372,0.0,104.6388,54.3984,11.0
366,2021-09-20 19:30:00,203.2684,0.0,151.8,40.4684,11.0
367,2021-09-20 19:45:00,195.4508,0.0,159.26,34.4868,1.704
368,2021-09-20 20:00:00,128.6696,0.0,104.152,24.5176,0.0
369,2021-09-20 20:15:00,168.3456,0.0,126.5136,41.832,0.0
370,2021-09-20 20:30:00,194.6036,0.0,139.6,55.0036,0.0
371,2021-09-20 20:45:00,215.9668,0.0,162.3376,53.6292,0.0
372,2021-09-20 21:00:00,245.1284,50.0,140.0284,55.1,0.0
373,2021-09-20 21:15:00,170.3168,0.0,99.5228,70.794,0.0
374,2021-09-20 21:30:00,148.9956,0.0,105.6,43.3956,0.0
375,2021-09-20 21:45:00,269.966,150.0,88.4536,31.5124,0.0
376,2021-09-20 22:00:00,136.3372,0.0,106.8624,29.4748,0.0
377,2021-09-20 22:15:00,113.9624,0.0,81.5624,32.4,0.0
378,2021-09-20 22:30:00,128.5316,0.0,110.034,18.4976,0.0
379,2021-09-20 22:45:00,140.2108,0.0,111.34,28.8708,0.0
380,2021-09-20 23:00:00,118.3228,0.0,92.6228,25.7,0.0
381,2021-09-20 23:15:00,93.1948,0.0,56.4948,36.7,0.0
382,2021-09-20 23:30:00,101.1704,0.0,73.5,27.6704,0.0
383,2021-09-20 23:45:00,157.184,50.0,70.484,25.7,11.0
384,2021-09-21 00:00:00,103.2964,0.0,58.8,33.4964,11.0
385,2021-09-21 00:15:00,107.5024,0.0,61.128,35.3744,11.0
386,2021-09-21 00:30:00,90.5152,0.0,55.1,24.4152,11.0
387,2021-09-21 00:45:00,121.1,0.0,66.1,44.0,11.0
388,2021-09-21 01:00:00,130.8284,0.0,77.1,42.7284,11.0
389,2021-09-21 01:15:00,104.8544,0.0,77.4316,27.4228,0.0
390,2021-09-21 01:30:00,92.2208,0.0,66.5208,25.7,0.0
391,2021-09-21 01:45:00,72.6476,0.0,58.8,13.8476,0.0
392,2021-09-21 02:00:00,55.1,0.0,51.4,3.7,0.0
393,2021-09-21 02:15:00,58.5936,0.0,43.8936,14.7,0.0
394,2021-09-21 02:30:00,47.2568,0.0,32.5568,14.7,0.0
395,2021-09-21 02:45:00,33.5,0.0,22.5,11.0,0.0
396,2021-09-21 03:00:00,22.0,0.0,11.0,11.0,0.0
397,2021-09-21 03:15:00,22.0,0.0,11.0,11.0,0.0
398,2021-09-21 03:30:00,22.0,0.0,11.0,11.0,0.0
399,2021-09-21 03:45:00,22.0,0.0,11.0,11.0,0.0
400,2021-09-21 04:00:00,11.0,0.0,11.0,0.0,0.0
401,2021-09-21 04:15:00,0.3964,0.0,0.3964,0.0,0.0
402,2021-09-21 04:30:00,0.0,0.0,0.0,0.0,0.0
403,2021-09-21 04:45:00,0.0,0.0,0.0,0.0,0.0
404,2021-09-21 05:00:00,11.0,0.0,0.0,0.0,11.0
405,2021-09-21 05:15:00,22.0,0.0,0.0,11.0,11.0
406,2021-09-21 05:30:00,22.0,0.0,0.0,11.0,11.0
407,2021-09-21 05:45:00,72.0,0.0,0.0,11.0,61.0
408,2021-09-21 06:00:00,83.0052,0.0,22.0,11.0,50.0052
409,2021-09-21 06:15:00,77.334,0.0,5.334,11.0,61.0
410,2021-09-21 06:30:00,60.07,0.0,11.0,11.0,38.07
411,2021-09-21 06:45:00,60.878,0.0,11.0,11.0,38.878
412,2021-09-21 07:00:00,127.5684,0.0,14.1048,11.0,102.4636
413,2021-09-21 07:15:00,235.4236,50.0,13.8156,33.0,138.608
414,2021-09-21 07:30:00,212.8432,0.0,36.7,15.8888,160.2544
415,2021-09-21 07:45:00,206.4228,0.0,96.6252,11.0,98.7976
416,2021-09-21 08:00:00,258.4336,0.0,132.1,11.0,115.3336
417,2021-09-21 08:15:00,245.0464,0.0,132.7,11.0,101.3464
418,2021-09-21 08:30:00,234.8588,0.0,117.9024,11.0,105.9564
419,2021-09-21 08:45:00,240.0616,0.0,135.8,1.9752,102.2864
420,2021-09-21 09:00:00,234.0548,0.0,105.5548,0.0,128.5
421,2021-09-21 09:15:00,227.7432,0.0,92.7336,0.0,135.0096
422,2021-09-21 09:30:00,205.7728,0.0,87.5924,0.0,118.1804
423,2021-09-21 09:45:00,209.6344,0.0,83.14,0.0,126.4944
424,2021-09-21 10:00:00,190.6976,0.0,64.7608,0.0,125.9368
425,2021-09-21 10:15:00,149.5556,0.0,62.5,0.0,87.0556
426,2021-09-21 10:30:00,156.294,0.0,81.0176,0.0,75.2764
427,2021-09-21 10:45:00,135.06,0.0,63.2136,9.0828,62.7636
428,2021-09-21 11:00:00,127.3176,0.0,69.4176,3.7,54.2
429,2021-09-21 11:15:00,92.8152,0.0,51.3152,3.7,37.8
430,2021-09-21 11:30:00,96.7716,0.0,66.1,3.7,26.9716
431,2021-09-21 11:45:00,98.528,0.0,72.728,3.7,22.1
432,2021-09-21 12:00:00,84.6,0.0,55.1,7.4,22.1
433,2021-09-21 12:15:00,73.1196,0.0,46.8196,7.4,18.9
434,2021-09-21 12:30:00,69.504,0.0,40.4,15.8536,13.2504
435,2021-09-21 12:45:00,78.1048,0.0,51.556,15.5488,11.0
436,2021-09-21 13:00:00,95.5,0.0,69.8,14.7,11.0
437,2021-09-21 13:15:00,126.856,0.0,101.156,14.7,11.0
438,2021-09-21 13:30:00,144.1488,0.0,95.6,37.5488,11.0
439,2021-09-21 13:45:00,151.2452,0.0,92.4452,47.8,11.0
440,2021-09-21 14:00:00,142.868,0.0,80.3464,51.5216,11.0
441,2021-09-21 14:15:00,160.116,0.0,91.8,57.316,11.0
442,2021-09-21 14:30:00,141.952,0.0,76.6784,54.2736,11.0
443,2021-09-21 14:45:00,144.2848,0.0,102.8,37.4412,4.0436
444,2021-09-21 15:00:00,136.5696,0.0,103.4696,33.1,0.0
445,2021-09-21 15:15:00,175.3572,50.0,89.5232,24.834,11.0
446,2021-09-21 15:30:00,186.104,0.0,113.9,61.204,11.0
447,2021-09-21 15:45:00,188.5256,0.0,128.6,54.2432,5.6824
448,2021-09-21 16:00:00,175.9344,0.0,137.2868,38.6476,0.0
449,2021-09-21 16:15:00,347.7832,150.0,140.896,24.7408,32.1464
450,2021-09-21 16:30:00,216.0524,50.0,108.286,46.7664,11.0
451,2021-09-21 16:45:00,165.3352,0.0,120.5236,33.8116,11.0
452,2021-09-21 17:00:00,233.4764,0.0,112.7852,98.6912,22.0
453,2021-09-21 17:15:00,218.3188,0.0,136.6,66.5696,15.1492
454,2021-09-21 17:30:00,176.6388,0.0,137.4264,39.2124,0.0
455,2021-09-21 17:45:00,218.8996,50.0,102.3816,66.518,0.0
456,2021-09-21 18:00:00,168.348,0.0,86.906,81.442,0.0
457,2021-09-21 18:15:00,185.9696,50.0,101.1052,34.8644,0.0
458,2021-09-21 18:30:00,174.4212,0.0,123.0212,51.4,0.0
459,2021-09-21 18:45:00,165.6784,0.0,109.1624,56.516,0.0
460,2021-09-21 19:00:00,193.7232,50.0,110.2,33.5232,0.0
461,2021-09-21 19:15:00,184.6788,0.0,125.8788,58.8,0.0
462,2021-09-21 19:30:00,221.2884,0.0,168.18,53.1084,0.0
463,2021-09-21 19:45:00,220.8712,0.0,192.572,28.2992,0.0
464,2021-09-21 20:00:00,186.8676,0.0,164.7676,22.1,0.0
465,2021-09-21 20:15:00,213.3548,50.0,133.06,30.2948,0.0
466,2021-09-21 20:30:00,162.1288,0.0,124.9,37.2288,0.0
467,2021-09-21 20:45:00,163.626,0.0,129.2004,34.4256,0.0
468,2021-09-21 21:00:00,199.1624,0.0,161.5788,37.5836,0.0
469,2021-09-21 21:15:00,146.7084,0.0,115.0396,31.6688,0.0
470,2021-09-21 21:30:00,156.6332,0.0,105.2332,51.4,0.0
471,2021-09-21 21:45:00,98.5024,0.0,58.1024,40.4,0.0
472,2021-09-21 22:00:00,109.5996,0.0,51.5,58.0996,0.0
473,2021-09-21 22:15:00,143.5044,0.0,78.05,65.4544,0.0
474,2021-09-21 22:30:00,146.0508,0.0,77.134,68.9168,0.0
475,2021-09-21 22:45:00,137.7092,0.0,81.44,56.2692,0.0
476,2021-09-21 23:00:00,146.8568,0.0,76.0776,70.7792,0.0
477,2021-09-21 23:15:00,113.1068,0.0,62.5,50.6068,0.0
478,2021-09-21 23:30:00,102.9432,0.0,40.5,62.4432,0.0
479,2021-09-21 23:45:00,99.3,0.0,40.5,58.8,0.0
480,2021-09-22 00:00:00,78.1392,0.0,33.1,45.0392,0.0
481,2021-09-22 00:15:00,84.0636,0.0,43.6636,40.4,0.0
482,2021-09-22 00:30:00,93.9052,0.0,38.8052,55.1,0.0
483,2021-09-22 00:45:00,85.8,0.0,29.4,56.4,0.0
484,2021-09-22 01:00:00,80.1408,0.0,25.0408,55.1,0.0
485,2021-09-22 01:15:00,73.5,0.0,18.4,55.1,0.0
486,2021-09-22 01:30:00,73.5,0.0,18.4,55.1,0.0
487,2021-09-22 01:45:00,73.5,0.0,18.4,55.1,0.0
488,2021-09-22 02:00:00,65.4608,0.0,18.4,47.0608,0.0
489,2021-09-22 02:15:00,51.5,0.0,18.4,33.1,0.0
490,2021-09-22 02:30:00,25.7616,0.0,18.4,7.3616,0.0
491,2021-09-22 02:45:00,21.1,0.0,17.4,3.7,0.0
492,2021-09-22 03:00:00,11.1,0.0,7.4,3.7,0.0
493,2021-09-22 03:15:00,11.1,0.0,7.4,3.7,0.0
494,2021-09-22 03:30:00,11.1,0.0,7.4,3.7,0.0
495,2021-09-22 03:45:00,9.4732,0.0,7.4,2.0732,0.0
496,2021-09-22 04:00:00,7.4,0.0,7.4,0.0,0.0
497,2021-09-22 04:15:00,7.4,0.0,7.4,0.0,0.0
498,2021-09-22 04:30:00,7.4,0.0,7.4,0.0,0.0
499,2021-09-22 04:45:00,4.0944,0.0,4.0944,0.0,0.0
500,2021-09-22 05:00:00,24.25,0.0,14.7,0.0,9.55
501,2021-09-22 05:15:00,14.7,0.0,14.7,0.0,0.0
502,2021-09-22 05:30:00,14.7,0.0,14.7,0.0,0.0
503,2021-09-22 05:45:00,36.7,0.0,25.7,0.0,11.0
504,2021-09-22 06:00:00,47.7,0.0,36.7,0.0,11.0
505,2021-09-22 06:15:00,149.1,50.0,51.4,0.0,47.7
506,2021-09-22 06:30:00,138.4524,0.0,60.1444,0.0,78.308
507,2021-09-22 06:45:00,226.5972,50.0,55.4972,0.0,121.1
508,2021-09-22 07:00:00,198.7772,0.0,66.71,0.0,132.0672
509,2021-09-22 07:15:00,181.6672,0.0,70.18,0.0,111.4872
510,2021-09-22 07:30:00,199.872,0.0,65.2048,0.0,134.6672
511,2021-09-22 07:45:00,206.482,0.0,81.352,0.0,125.13
512,2021-09-22 08:00:00,213.0176,0.0,95.0068,0.0,118.0108
513,2021-09-22 08:15:00,239.2988,0.0,131.6156,0.0,107.6832
514,2021-09-22 08:30:00,272.3296,50.0,112.1296,0.0,110.2
515,2021-09-22 08:45:00,271.5012,0.0,166.2068,0.0,105.2944
516,2021-09-22 09:00:00,299.6332,0.0,174.9,11.0,113.7332
517,2021-09-22 09:15:00,277.148,0.0,205.8748,2.2456,69.0276
518,2021-09-22 09:30:00,384.3896,150.0,158.9132,0.0,75.4764
519,2021-09-22 09:45:00,224.5416,50.0,103.4024,0.0,71.1392
520,2021-09-22 10:00:00,137.874,0.0,90.074,0.0,47.8
521,2021-09-22 10:15:00,100.286,0.0,61.1112,0.0,39.1748
522,2021-09-22 10:30:00,83.3764,0.0,61.2764,0.0,22.1
523,2021-09-22 10:45:00,76.9152,0.0,56.612,0.0,20.3032
524,2021-09-22 11:00:00,52.8256,0.0,39.184,0.0,13.6416
525,2021-09-22 11:15:00,62.5,0.0,55.1,0.0,7.4
526,2021-09-22 11:30:00,230.8,150.0,73.4,0.0,7.4
527,2021-09-22 11:45:00,100.8184,0.0,93.816,0.0,7.0024
528,2021-09-22 12:00:00,69.8,0.0,66.1,0.0,3.7
529,2021-09-22 12:15:00,87.816,0.0,84.116,0.0,3.7
530,2021-09-22 12:30:00,113.8,0.0,88.1,0.0,25.7
531,2021-09-22 12:45:00,105.596,0.0,84.8112,11.0,9.7848
532,2021-09-22 13:00:00,101.8528,0.0,87.1528,11.0,3.7
533,2021-09-22 13:15:00,107.0388,0.0,91.1432,12.1956,3.7
534,2021-09-22 13:30:00,117.8576,0.0,94.0936,20.064,3.7
535,2021-09-22 13:45:00,113.8512,0.0,88.0,22.1512,3.7
536,2021-09-22 14:00:00,131.7396,0.0,95.0396,33.0,3.7
537,2021-09-22 14:15:00,224.7008,0.0,141.7,57.3008,25.7
538,2021-09-22 14:30:00,221.9936,0.0,145.4,61.1588,15.4348
539,2021-09-22 14:45:00,138.9632,0.0,109.9228,29.0404,0.0
540,2021-09-22 15:00:00,130.8,0.0,101.4,29.4,0.0
541,2021-09-22 15:15:00,116.1908,0.0,91.9208,24.27,0.0
542,2021-09-22 15:30:00,91.8712,0.0,81.3896,10.4816,0.0
543,2021-09-22 15:45:00,96.2116,0.0,77.8116,18.4,0.0
544,2021-09-22 16:00:00,110.3996,0.0,88.2996,22.1,0.0
545,2021-09-22 16:15:00,99.2,0.0,77.1,22.1,0.0
546,2021-09-22 16:30:00,124.4812,0.0,76.944,47.5372,0.0
547,2021-09-22 16:45:00,159.3112,0.0,73.454,85.8572,0.0
548,2021-09-22 17:00:00,151.8684,0.0,76.6032,75.2652,0.0
549,2021-09-22 17:15:00,152.6704,0.0,78.8584,73.812,0.0
550,2021-09-22 17:30:00,172.2992,0.0,80.9,91.3992,0.0
551,2021-09-22 17:45:00,215.3232,50.0,105.608,59.7152,0.0
552,2021-09-22 18:00:00,151.5856,0.0,95.9004,55.6852,0.0
553,2021-09-22 18:15:00,172.148,0.0,105.948,66.2,0.0
554,2021-09-22 18:30:00,210.4212,0.0,118.7312,91.69,0.0
555,2021-09-22 18:45:00,227.938,0.0,115.818,112.12,0.0
556,2021-09-22 19:00:00,247.9072,50.0,105.3164,92.5908,0.0
557,2021-09-22 19:15:00,184.7176,0.0,91.9,92.8176,0.0
558,2021-09-22 19:30:00,193.0584,0.0,110.7724,82.286,0.0
559,2021-09-22 19:45:00,169.8416,0.0,108.8424,60.9992,0.0
560,2021-09-22 20:00:00,216.0788,0.0,137.5196,78.5592,0.0
561,2021-09-22 20:15:00,197.268,0.0,138.468,58.8,0.0
562,2021-09-22 20:30:00,211.106,0.0,148.1188,62.9872,0.0
563,2021-09-22 20:45:00,174.408,0.0,132.7604,41.6476,0.0
564,2021-09-22 21:00:00,116.772,0.0,94.672,22.1,0.0
565,2021-09-22 21:15:00,92.14,0.0,74.2936,17.8464,0.0
566,2021-09-22 21:30:00,101.1056,0.0,86.4056,14.7,0.0
567,2021-09-22 21:45:00,113.6388,0.0,98.9388,14.7,0.0
568,2021-09-22 22:00:00,175.6856,50.0,88.4856,37.2,0.0
569,2021-09-22 22:15:00,138.3076,0.0,75.4796,62.828,0.0
570,2021-09-22 22:30:00,119.8624,0.0,72.1624,47.7,0.0
571,2021-09-22 22:45:00,120.28,0.0,61.58,58.7,0.0
572,2021-09-22 23:00:00,155.2528,0.0,58.3876,96.8652,0.0
573,2021-09-22 23:15:00,227.3764,50.0,66.5464,107.13,3.7
574,2021-09-22 23:30:00,163.136,50.0,50.6548,58.7812,3.7
575,2021-09-22 23:45:00,99.9072,0.0,50.8784,45.3288,3.7
576,2021-09-23 00:00:00,82.4976,0.0,44.016,34.7816,3.7
577,2021-09-23 00:15:00,66.3756,0.0,32.1856,30.49,3.7
578,2021-09-23 00:30:00,49.5708,0.0,20.0708,25.8,3.7
579,2021-09-23 00:45:00,39.6648,0.0,14.7,21.2648,3.7
580,2021-09-23 01:00:00,39.8,0.0,25.7,10.4,3.7
581,2021-09-23 01:15:00,44.1,0.0,25.7,18.4,0.0
582,2021-09-23 01:30:00,44.1,0.0,25.7,18.4,0.0
583,2021-09-23 01:45:00,47.8,0.0,25.7,22.1,0.0
584,2021-09-23 02:00:00,42.4964,0.0,24.0964,18.4,0.0
585,2021-09-23 02:15:00,33.1,0.0,14.7,18.4,0.0
586,2021-09-23 02:30:00,44.1,0.0,25.7,18.4,0.0
587,2021-09-23 02:45:00,44.1,0.0,25.7,18.4,0.0
588,2021-09-23 03:00:00,44.1,0.0,25.7,18.4,0.0
589,2021-09-23 03:15:00,44.1,0.0,25.7,18.4,0.0
590,2021-09-23 03:30:00,37.4464,0.0,22.2676,15.1788,0.0
591,2021-09-23 03:45:00,16.8408,0.0,2.1408,14.7,0.0
592,2021-09-23 04:00:00,14.7,0.0,0.0,14.7,0.0
593,2021-09-23 04:15:00,14.7,0.0,0.0,14.7,0.0
594,2021-09-23 04:30:00,14.7,0.0,0.0,14.7,0.0
595,2021-09-23 04:45:00,25.7,0.0,0.0,14.7,11.0
596,2021-09-23 05:00:00,36.7,0.0,0.0,14.7,22.0
597,2021-09-23 05:15:00,37.18,0.0,11.0,4.18,22.0
598,2021-09-23 05:30:00,39.8516,0.0,17.6176,0.234,22.0
599,2021-09-23 05:45:00,69.184,0.0,11.0,0.0,58.184
600,2021-09-23 06:00:00,69.7,0.0,11.0,0.0,58.7
601,2021-09-23 06:15:00,81.1312,0.0,18.7312,0.0,62.4
602,2021-09-23 06:30:00,75.8824,0.0,14.7,0.0,61.1824
603,2021-09-23 06:45:00,105.8064,0.0,25.7,0.0,80.1064
604,2021-09-23 07:00:00,119.8328,0.0,47.5872,0.0,72.2456
605,2021-09-23 07:15:00,181.874,0.0,55.6872,0.0,126.1868
606,2021-09-23 07:30:00,194.1916,0.0,79.8616,0.0,114.33
607,2021-09-23 07:45:00,239.4848,0.0,102.1932,0.0,137.2916
608,2021-09-23 08:00:00,229.2304,0.0,91.8,0.0,137.4304
609,2021-09-23 08:15:00,248.2604,0.0,120.7684,0.0,127.492
610,2021-09-23 08:30:00,212.7504,0.0,106.8256,0.0,105.9248
611,2021-09-23 08:45:00,216.7104,0.0,121.2104,0.0,95.5
612,2021-09-23 09:00:00,229.5208,0.0,132.914,0.0,96.6068
613,2021-09-23 09:15:00,198.024,0.0,108.7288,0.0,89.2952
614,2021-09-23 09:30:00,155.436,0.0,75.8592,0.0,79.5768
615,2021-09-23 09:45:00,134.5572,0.0,51.5076,11.0,72.0496
616,2021-09-23 10:00:00,118.0184,0.0,36.1,11.0,70.9184
617,2021-09-23 10:15:00,126.544,0.0,47.8,0.8304,77.9136
618,2021-09-23 10:30:00,97.7628,0.0,37.754,0.0,60.0088
619,2021-09-23 10:45:00,61.89,0.0,13.0304,0.0,48.8596
620,2021-09-23 11:00:00,42.0648,0.0,14.8,0.0,27.2648
621,2021-09-23 11:15:00,58.8604,0.0,29.4604,0.0,29.4
622,2021-09-23 11:30:00,80.9,0.0,25.8,22.0,33.1
623,2021-09-23 11:45:00,85.376,0.0,34.0864,25.7,25.5896
624,2021-09-23 12:00:00,101.4464,0.0,53.6464,25.7,22.1
625,2021-09-23 12:15:00,121.5044,0.0,80.8,19.5072,21.1972
626,2021-09-23 12:30:00,114.4468,0.0,84.5,11.5468,18.4
627,2021-09-23 12:45:00,157.9,0.0,117.5,22.0,18.4
628,2021-09-23 13:00:00,166.2308,0.0,115.7316,32.0992,18.4
629,2021-09-23 13:15:00,147.8708,0.0,94.6008,39.9464,13.3236
630,2021-09-23 13:30:00,112.8276,0.0,68.188,33.5396,11.1
631,2021-09-23 13:45:00,118.9716,0.0,64.0548,34.8448,20.072
632,2021-09-23 14:00:00,117.3272,0.0,83.6092,22.9764,10.7416
633,2021-09-23 14:15:00,151.7048,0.0,107.544,25.7608,18.4
634,2021-09-23 14:30:00,139.2812,0.0,93.578,16.3032,29.4
635,2021-09-23 14:45:00,211.2428,0.0,144.3776,44.6156,22.2496
636,2021-09-23 15:00:00,194.4424,0.0,137.9012,38.1412,18.4
637,2021-09-23 15:15:00,138.2788,0.0,97.3208,29.6188,11.3392
638,2021-09-23 15:30:00,84.7,0.0,66.2,14.8,3.7
639,2021-09-23 15:45:00,96.6264,0.0,69.1044,23.822,3.7
640,2021-09-23 16:00:00,142.3072,0.0,116.5072,22.1,3.7
641,2021-09-23 16:15:00,147.5568,0.0,95.7176,50.4632,1.376
642,2021-09-23 16:30:00,191.8236,0.0,140.4236,51.4,0.0
643,2021-09-23 16:45:00,189.6036,0.0,130.744,58.8596,0.0
644,2021-09-23 17:00:00,253.0852,0.0,185.8,67.2852,0.0
645,2021-09-23 17:15:00,336.662,0.0,239.4952,97.1668,0.0
646,2021-09-23 17:30:00,348.7396,0.0,239.5792,87.1604,22.0
647,2021-09-23 17:45:00,319.6788,0.0,203.412,94.2668,22.0
648,2021-09-23 18:00:00,249.8936,0.0,160.2,67.6936,22.0
649,2021-09-23 18:15:00,275.9608,0.0,184.1608,69.8,22.0
650,2021-09-23 18:30:00,225.0516,0.0,142.402,60.6496,22.0
651,2021-09-23 18:45:00,204.7924,0.0,130.6724,72.4576,1.6624
652,2021-09-23 19:00:00,183.4136,0.0,117.2908,66.1228,0.0
653,2021-09-23 19:15:00,147.9764,0.0,105.1036,42.8728,0.0
654,2021-09-23 19:30:00,147.0,0.0,106.6,40.4,0.0
655,2021-09-23 19:45:00,164.4932,0.0,129.6636,34.8296,0.0
656,2021-09-23 20:00:00,169.0,0.0,128.6,40.4,0.0
657,2021-09-23 20:15:00,291.1044,50.0,167.7044,73.4,0.0
658,2021-09-23 20:30:00,260.2488,0.0,187.106,73.1428,0.0
659,2021-09-23 20:45:00,218.0824,0.0,156.8584,61.224,0.0
660,2021-09-23 21:00:00,239.484,0.0,189.208,50.276,0.0
661,2021-09-23 21:15:00,214.0464,0.0,160.6988,53.3476,0.0
662,2021-09-23 21:30:00,205.002,0.0,146.9,58.102,0.0
663,2021-09-23 21:45:00,180.1252,0.0,135.2076,44.9176,0.0
664,2021-09-23 22:00:00,175.5368,0.0,124.1368,51.4,0.0
665,2021-09-23 22:15:00,151.994,0.0,74.894,77.1,0.0
666,2021-09-23 22:30:00,138.5104,0.0,89.6948,48.8156,0.0
667,2021-09-23 22:45:00,116.7192,0.0,59.2748,57.4444,0.0
668,2021-09-23 23:00:00,107.0248,0.0,51.8248,55.2,0.0
669,2021-09-23 23:15:00,123.0352,0.0,56.8352,66.2,0.0
670,2021-09-23 23:30:00,102.7736,0.0,42.5664,60.2072,0.0
671,2021-09-23 23:45:00,99.3,0.0,33.1,55.2,11.0
672,2021-09-24 00:00:00,69.6164,0.0,20.7,37.9164,11.0
673,2021-09-24 00:15:00,43.022,0.0,7.9724,24.0496,11.0
674,2021-09-24 00:30:00,31.712,0.0,6.6796,14.0324,11.0
675,2021-09-24 00:45:00,29.5,0.0,3.7,14.8,11.0
676,2021-09-24 01:00:00,26.3688,0.0,7.4,14.8,4.1688
677,2021-09-24 01:15:00,22.2,0.0,7.4,14.8,0.0
678,2021-09-24 01:30:00,34.9236,0.0,26.2,8.7236,0.0
679,2021-09-24 01:45:00,33.1,0.0,25.7,7.4,0.0
680,2021-09-24 02:00:00,33.1,0.0,25.7,7.4,0.0
681,2021-09-24 02:15:00,33.1,0.0,25.7,7.4,0.0
682,2021-09-24 02:30:00,33.1,0.0,25.7,7.4,0.0
683,2021-09-24 02:45:00,33.1,0.0,25.7,7.4,0.0
684,2021-09-24 03:00:00,11.852,0.0,4.452,7.4,0.0
685,2021-09-24 03:15:00,11.1,0.0,3.7,7.4,0.0
686,2021-09-24 03:30:00,11.1,0.0,3.7,7.4,0.0
687,2021-09-24 03:45:00,11.1,0.0,3.7,7.4,0.0
688,2021-09-24 04:00:00,11.1,0.0,3.7,7.4,0.0
689,2021-09-24 04:15:00,21.9528,0.0,3.7,7.2528,11.0
690,2021-09-24 04:30:00,11.5764,0.0,3.7,0.4572,7.4192
691,2021-09-24 04:45:00,3.7,0.0,3.7,0.0,0.0
692,2021-09-24 05:00:00,3.7,0.0,3.7,0.0,0.0
693,2021-09-24 05:15:00,11.8332,0.0,3.7,0.0,8.1332
694,2021-09-24 05:30:00,3.7,0.0,3.7,0.0,0.0
695,2021-09-24 05:45:00,75.3072,0.0,3.7,11.0,60.6072
696,2021-09-24 06:00:00,81.5084,50.0,2.1084,11.0,18.4
697,2021-09-24 06:15:00,183.1,150.0,0.0,11.0,22.1
698,2021-09-24 06:30:00,66.1,0.0,11.0,11.0,44.1
699,2021-09-24 06:45:00,90.8376,0.0,36.7,2.1232,52.0144
700,2021-09-24 07:00:00,82.4368,0.0,39.256,3.7,39.4808
701,2021-09-24 07:15:00,119.304,0.0,44.1,3.7,71.504
702,2021-09-24 07:30:00,171.5552,0.0,47.8,3.7,120.0552
703,2021-09-24 07:45:00,239.2956,0.0,88.2,3.7,147.3956
704,2021-09-24 08:00:00,282.7276,0.0,138.9752,3.7,140.0524
705,2021-09-24 08:15:00,326.2548,0.0,184.0432,3.7,138.5116
706,2021-09-24 08:30:00,310.828,0.0,156.9848,3.7,150.1432
707,2021-09-24 08:45:00,329.672,0.0,147.3356,3.7,178.6364
708,2021-09-24 09:00:00,272.0144,0.0,145.5248,3.7,122.7896
709,2021-09-24 09:15:00,242.3484,0.0,128.5,14.7,99.1484
710,2021-09-24 09:30:00,192.2092,0.0,106.5,14.7,71.0092
711,2021-09-24 09:45:00,189.5472,0.0,108.1224,14.0756,67.3492
712,2021-09-24 10:00:00,189.6804,0.0,124.9,7.4,57.3804
713,2021-09-24 10:15:00,173.7248,0.0,111.164,14.8608,47.7
714,2021-09-24 10:30:00,196.6728,0.0,106.5944,5.6784,84.4
715,2021-09-24 10:45:00,204.5744,0.0,117.6408,3.7,83.2336
716,2021-09-24 11:00:00,172.9104,0.0,84.8104,3.7,84.4
717,2021-09-24 11:15:00,157.902,0.0,64.7156,14.7,78.4864
718,2021-09-24 11:30:00,99.3896,0.0,69.4464,9.7016,20.2416
719,2021-09-24 11:45:00,99.892,0.0,69.4812,14.7,15.7108
720,2021-09-24 12:00:00,71.8372,0.0,60.0892,4.348,7.4
721,2021-09-24 12:15:00,58.1312,0.0,47.0312,3.7,7.4
722,2021-09-24 12:30:00,61.7108,0.0,35.4064,18.9044,7.4
723,2021-09-24 12:45:00,48.8676,0.0,22.9676,18.5,7.4
724,2021-09-24 13:00:00,103.3496,0.0,58.8,40.5,4.0496
725,2021-09-24 13:15:00,136.704,0.0,63.3648,69.6392,3.7
726,2021-09-24 13:30:00,90.0348,0.0,47.8,38.5348,3.7
727,2021-09-24 13:45:00,104.892,0.0,59.8,41.392,3.7
728,2021-09-24 14:00:00,171.7108,50.0,62.5,55.5108,3.7
729,2021-09-24 14:15:00,118.7856,0.0,56.5464,36.5392,25.7
730,2021-09-24 14:30:00,115.0084,0.0,56.384,51.4,7.2244
731,2021-09-24 14:45:00,121.0596,0.0,71.7488,49.3108,0.0
732,2021-09-24 15:00:00,146.9,0.0,99.1,47.8,0.0
733,2021-09-24 15:15:00,193.7032,0.0,115.0356,56.6676,22.0
734,2021-09-24 15:30:00,146.1932,0.0,96.3304,36.412,13.4508
735,2021-09-24 15:45:00,138.3168,0.0,67.208,56.4088,14.7
736,2021-09-24 16:00:00,108.9696,0.0,53.7696,40.5,14.7
737,2021-09-24 16:15:00,97.1484,0.0,51.6,30.8484,14.7
738,2021-09-24 16:30:00,201.3128,0.0,113.5856,73.0272,14.7
739,2021-09-24 16:45:00,191.4668,0.0,115.5184,61.2484,14.7
740,2021-09-24 17:00:00,179.1084,0.0,113.2788,51.1296,14.7
741,2021-09-24 17:15:00,187.4268,0.0,115.0772,59.8968,12.4528
742,2021-09-24 17:30:00,211.9012,50.0,104.7304,55.2,1.9708
743,2021-09-24 17:45:00,145.454,0.0,90.8848,54.5692,0.0
744,2021-09-24 18:00:00,110.8348,0.0,58.8,52.0348,0.0
745,2021-09-24 18:15:00,97.4764,0.0,56.9764,40.5,0.0
746,2021-09-24 18:30:00,167.3824,50.0,42.0092,75.3732,0.0
747,2021-09-24 18:45:00,135.7852,0.0,62.4,73.3852,0.0
748,2021-09-24 19:00:00,219.1516,0.0,99.4544,119.6972,0.0
749,2021-09-24 19:15:00,236.4028,0.0,124.6328,111.77,0.0
750,2021-09-24 19:30:00,243.5964,0.0,161.5,82.0964,0.0
751,2021-09-24 19:45:00,227.7536,0.0,165.2,62.5536,0.0
752,2021-09-24 20:00:00,211.2416,0.0,163.8388,47.4028,0.0
753,2021-09-24 20:15:00,264.8604,0.0,193.6024,71.258,0.0
754,2021-09-24 20:30:00,243.236,0.0,170.1112,73.1248,0.0
755,2021-09-24 20:45:00,230.7352,0.0,155.306,75.4292,0.0
756,2021-09-24 21:00:00,174.6364,0.0,115.5088,59.1276,0.0
757,2021-09-24 21:15:00,161.7968,0.0,108.128,53.6688,0.0
758,2021-09-24 21:30:00,170.956,0.0,121.6384,49.3176,0.0
759,2021-09-24 21:45:00,131.4632,0.0,108.206,23.2572,0.0
760,2021-09-24 22:00:00,138.2804,0.0,117.5,20.7804,0.0
761,2021-09-24 22:15:00,136.9908,0.0,122.1908,14.8,0.0
762,2021-09-24 22:30:00,122.9628,0.0,111.8628,11.1,0.0
763,2021-09-24 22:45:00,108.0056,0.0,96.9056,11.1,0.0
764,2021-09-24 23:00:00,121.6112,0.0,99.5112,22.1,0.0
765,2021-09-24 23:15:00,143.2208,0.0,84.4208,58.8,0.0
766,2021-09-24 23:30:00,297.6008,150.0,70.4008,77.2,0.0
767,2021-09-24 23:45:00,232.524,50.0,105.324,77.2,0.0
768,2021-09-25 00:00:00,166.9512,0.0,93.122,73.8292,0.0
769,2021-09-25 00:15:00,136.9024,0.0,80.2796,56.6228,0.0
770,2021-09-25 00:30:00,100.9712,0.0,51.5,49.4712,0.0
771,2021-09-25 00:45:00,90.1108,0.0,49.6108,40.5,0.0
772,2021-09-25 01:00:00,80.7132,0.0,40.818,39.8952,0.0
773,2021-09-25 01:15:00,105.3344,50.0,21.7344,33.6,0.0
774,2021-09-25 01:30:00,62.5,0.0,29.4,33.1,0.0
775,2021-09-25 01:45:00,62.5,0.0,29.4,33.1,0.0
776,2021-09-25 02:00:00,58.5988,0.0,27.8252,30.7736,0.0
777,2021-09-25 02:15:00,37.0524,0.0,14.7,22.3524,0.0
778,2021-09-25 02:30:00,32.188,0.0,14.7,17.488,0.0
779,2021-09-25 02:45:00,21.4,0.0,14.7,6.7,0.0
780,2021-09-25 03:00:00,18.4,0.0,14.7,3.7,0.0
781,2021-09-25 03:15:00,6.7,0.0,3.0,3.7,0.0
782,2021-09-25 03:30:00,25.7,0.0,0.0,25.7,0.0
783,2021-09-25 03:45:00,25.7,0.0,0.0,25.7,0.0
784,2021-09-25 04:00:00,13.4764,0.0,0.0,13.4764,0.0
785,2021-09-25 04:15:00,3.7,0.0,0.0,3.7,0.0
786,2021-09-25 04:30:00,0.0,0.0,0.0,0.0,0.0
787,2021-09-25 04:45:00,0.0,0.0,0.0,0.0,0.0
788,2021-09-25 05:00:00,0.0,0.0,0.0,0.0,0.0
789,2021-09-25 05:15:00,11.0,0.0,0.0,0.0,11.0
790,2021-09-25 05:30:00,44.0,0.0,22.0,0.0,22.0
791,2021-09-25 05:45:00,61.97,0.0,22.0,0.0,39.97
792,2021-09-25 06:00:00,16.8792,0.0,4.1712,0.0,12.708
793,2021-09-25 06:15:00,0.0,0.0,0.0,0.0,0.0
794,2021-09-25 06:30:00,7.4,0.0,0.0,0.0,7.4
795,2021-09-25 06:45:00,7.4,0.0,0.0,0.0,7.4
796,2021-09-25 07:00:00,11.1,0.0,0.0,0.0,11.1
797,2021-09-25 07:15:00,33.1,0.0,11.0,0.0,22.1
798,2021-09-25 07:30:00,29.8408,0.0,11.0,0.0,18.8408
799,2021-09-25 07:45:00,44.1,0.0,22.0,0.0,22.1
800,2021-09-25 08:00:00,73.5,0.0,36.7,0.0,36.8
801,2021-09-25 08:15:00,84.5,0.0,36.7,0.0,47.8
802,2021-09-25 08:30:00,118.1116,0.0,51.4,0.0,66.7116
803,2021-09-25 08:45:00,184.868,0.0,52.676,14.7,117.492
804,2021-09-25 09:00:00,123.6172,0.0,33.1,18.4,72.1172
805,2021-09-25 09:15:00,142.8736,0.0,47.8,18.4,76.6736
806,2021-09-25 09:30:00,147.3976,0.0,66.2,18.4,62.7976
807,2021-09-25 09:45:00,205.1852,50.0,73.5,24.5896,57.0956
808,2021-09-25 10:00:00,135.4592,0.0,76.8996,10.6596,47.9
809,2021-09-25 10:15:00,169.866,0.0,107.4096,18.4,44.0564
810,2021-09-25 10:30:00,222.9,0.0,134.6,33.1,55.2
811,2021-09-25 10:45:00,243.238,0.0,149.3,44.6196,49.3184
812,2021-09-25 11:00:00,315.9608,50.0,179.0708,36.86,50.03
813,2021-09-25 11:15:00,241.7364,0.0,161.662,44.4404,35.634
814,2021-09-25 11:30:00,172.7712,0.0,99.2712,51.4,22.1
815,2021-09-25 11:45:00,270.9908,0.0,154.2,95.4,21.3908
816,2021-09-25 12:00:00,293.8004,0.0,218.7932,66.9556,8.0516
817,2021-09-25 12:15:00,372.322,50.0,253.684,50.238,18.4
818,2021-09-25 12:30:00,326.2216,0.0,249.7628,58.0588,18.4
819,2021-09-25 12:45:00,294.94,0.0,189.9808,86.5592,18.4
820,2021-09-25 13:00:00,293.454,0.0,195.0204,89.046,9.3876
821,2021-09-25 13:15:00,280.5204,0.0,187.2,93.3204,0.0
822,2021-09-25 13:30:00,301.7196,0.0,231.2,70.5196,0.0
823,2021-09-25 13:45:00,359.2048,0.0,279.0408,69.164,11.0
824,2021-09-25 14:00:00,314.9128,0.0,236.4692,52.9612,25.4824
825,2021-09-25 14:15:00,459.8056,150.0,238.916,62.2064,8.6832
826,2021-09-25 14:30:00,265.0116,0.0,217.0628,47.9488,0.0
827,2021-09-25 14:45:00,283.4616,100.0,140.9164,42.5452,0.0
828,2021-09-25 15:00:00,242.3084,0.0,194.5084,47.8,0.0
829,2021-09-25 15:15:00,209.7964,0.0,157.5836,52.2128,0.0
830,2021-09-25 15:30:00,266.5836,150.0,85.2568,31.3268,0.0
831,2021-09-25 15:45:00,158.4156,50.0,87.1576,21.258,0.0
832,2021-09-25 16:00:00,116.8252,0.0,98.3252,18.5,0.0
833,2021-09-25 16:15:00,154.3,0.0,124.8,29.5,0.0
834,2021-09-25 16:30:00,218.7796,0.0,188.6352,30.1444,0.0
835,2021-09-25 16:45:00,335.3572,50.0,244.8572,40.5,0.0
836,2021-09-25 17:00:00,264.4596,0.0,216.6596,47.8,0.0
837,2021-09-25 17:15:00,292.3,0.0,200.5,91.8,0.0
838,2021-09-25 17:30:00,209.6148,0.0,134.8156,74.7992,0.0
839,2021-09-25 17:45:00,215.5808,50.0,78.3044,87.2764,0.0
840,2021-09-25 18:00:00,87.0652,0.0,39.7452,47.32,0.0
841,2021-09-25 18:15:00,107.3568,0.0,47.8,59.5568,0.0
842,2021-09-25 18:30:00,110.3,0.0,58.8,51.5,0.0
843,2021-09-25 18:45:00,175.53,0.0,102.8,72.73,0.0
844,2021-09-25 19:00:00,203.0544,0.0,140.3408,62.7136,0.0
845,2021-09-25 19:15:00,191.2764,0.0,127.3176,63.9588,0.0
846,2021-09-25 19:30:00,202.3744,0.0,142.044,60.3304,0.0
847,2021-09-25 19:45:00,179.7972,0.0,136.072,43.7252,0.0
848,2021-09-25 20:00:00,182.4884,0.0,122.476,60.0124,0.0
849,2021-09-25 20:15:00,187.2372,0.0,139.4372,47.8,0.0
850,2021-09-25 20:30:00,176.1152,0.0,128.3152,47.8,0.0
851,2021-09-25 20:45:00,208.812,0.0,162.5888,46.2232,0.0
852,2021-09-25 21:00:00,177.9988,0.0,139.732,38.2668,0.0
853,2021-09-25 21:15:00,325.4764,150.0,100.1312,75.3452,0.0
854,2021-09-25 21:30:00,158.578,0.0,96.3048,62.2732,0.0
855,2021-09-25 21:45:00,124.1956,0.0,78.3308,45.8648,0.0
856,2021-09-25 22:00:00,106.9136,0.0,91.8,15.1136,0.0
857,2021-09-25 22:15:00,74.7276,0.0,67.3276,7.4,0.0
858,2021-09-25 22:30:00,62.5,0.0,51.4,11.1,0.0
859,2021-09-25 22:45:00,63.8212,0.0,43.4,20.4212,0.0
860,2021-09-25 23:00:00,93.7992,0.0,53.3992,29.4,11.0
861,2021-09-25 23:15:00,136.3,0.0,81.2,44.1,11.0
862,2021-09-25 23:30:00,167.9004,50.0,62.8004,44.1,11.0
863,2021-09-25 23:45:00,143.2036,0.0,46.7088,85.4948,11.0
864,2021-09-26 00:00:00,92.558,0.0,14.926,66.632,11.0
865,2021-09-26 00:15:00,84.5,0.0,14.7,58.8,11.0
866,2021-09-26 00:30:00,54.1068,0.0,2.3952,40.7116,11.0
867,2021-09-26 00:45:00,39.8232,0.0,0.0,29.5,10.3232
868,2021-09-26 01:00:00,29.5,0.0,0.0,29.5,0.0
869,2021-09-26 01:15:00,36.8,0.0,11.0,25.8,0.0
870,2021-09-26 01:30:00,33.59,0.0,11.0,22.59,0.0
871,2021-09-26 01:45:00,54.4688,0.0,22.0,32.4688,0.0
872,2021-09-26 02:00:00,51.0432,0.0,22.0,29.0432,0.0
873,2021-09-26 02:15:00,58.7,0.0,33.0,25.7,0.0
874,2021-09-26 02:30:00,58.7,0.0,33.0,25.7,0.0
875,2021-09-26 02:45:00,58.7,0.0,33.0,25.7,0.0
876,2021-09-26 03:00:00,69.7,0.0,44.0,25.7,0.0
877,2021-09-26 03:15:00,69.7,0.0,44.0,25.7,0.0
878,2021-09-26 03:30:00,61.7,0.0,44.0,17.7,0.0
879,2021-09-26 03:45:00,40.302,0.0,29.624,10.678,0.0
880,2021-09-26 04:00:00,17.7,0.0,14.0,3.7,0.0
881,2021-09-26 04:15:00,14.7,0.0,11.0,3.7,0.0
882,2021-09-26 04:30:00,24.3,0.0,11.0,13.3,0.0
883,2021-09-26 04:45:00,22.0,0.0,11.0,11.0,0.0
884,2021-09-26 05:00:00,33.0,0.0,22.0,11.0,0.0
885,2021-09-26 05:15:00,30.3852,0.0,19.3852,11.0,0.0
886,2021-09-26 05:30:00,22.0,0.0,11.0,11.0,0.0
887,2021-09-26 05:45:00,11.0,0.0,0.0,11.0,0.0
888,2021-09-26 06:00:00,11.0,0.0,0.0,11.0,0.0
889,2021-09-26 06:15:00,25.0,0.0,11.0,3.0,11.0
890,2021-09-26 06:30:00,29.6208,0.0,11.0,0.0,18.6208
891,2021-09-26 06:45:00,6.5348,0.0,1.3424,0.0,5.1924
892,2021-09-26 07:00:00,33.0,0.0,11.0,0.0,22.0
893,2021-09-26 07:15:00,43.8888,0.0,22.0,0.0,21.8888
894,2021-09-26 07:30:00,22.0,0.0,22.0,0.0,0.0
895,2021-09-26 07:45:00,33.0,0.0,33.0,0.0,0.0
896,2021-09-26 08:00:00,54.0708,0.0,43.0708,0.0,11.0
897,2021-09-26 08:15:00,84.228,0.0,75.558,0.0,8.67
898,2021-09-26 08:30:00,68.0012,0.0,68.0012,0.0,0.0
899,2021-09-26 08:45:00,84.4,0.0,62.4,11.0,11.0
900,2021-09-26 09:00:00,95.4,0.0,73.4,11.0,11.0
901,2021-09-26 09:15:00,117.4,0.0,95.4,11.0,11.0
902,2021-09-26 09:30:00,96.5368,0.0,70.8368,11.0,14.7
903,2021-09-26 09:45:00,91.8964,0.0,66.1964,11.0,14.7
904,2021-09-26 10:00:00,81.9488,0.0,56.2488,11.0,14.7
905,2021-09-26 10:15:00,91.8024,0.0,55.1024,22.0,14.7
906,2021-09-26 10:30:00,150.1056,0.0,102.9,33.0,14.2056
907,2021-09-26 10:45:00,174.784,0.0,146.9,16.884,11.0
908,2021-09-26 11:00:00,343.244,150.0,160.244,22.0,11.0
909,2021-09-26 11:15:00,179.9,0.0,146.9,22.0,11.0
910,2021-09-26 11:30:00,205.7,0.0,154.3,40.4,11.0
911,2021-09-26 11:45:00,236.0132,0.0,183.6,46.8516,5.5616
912,2021-09-26 12:00:00,234.1712,0.0,194.6,28.5712,11.0
913,2021-09-26 12:15:00,233.984,0.0,197.284,25.7,11.0
914,2021-09-26 12:30:00,256.9,0.0,198.2,47.7,11.0
915,2021-09-26 12:45:00,384.1256,150.0,176.0256,47.1,11.0
916,2021-09-26 13:00:00,224.4944,0.0,163.242,50.2524,11.0
917,2021-09-26 13:15:00,214.6208,0.0,161.4756,42.1452,11.0
918,2021-09-26 13:30:00,227.948,0.0,180.904,36.044,11.0
919,2021-09-26 13:45:00,237.9404,0.0,201.0912,36.8,0.0492
920,2021-09-26 14:00:00,410.0688,150.0,226.0808,33.988,0.0
921,2021-09-26 14:15:00,235.5348,0.0,204.8552,30.6796,0.0
922,2021-09-26 14:30:00,231.684,0.0,206.9092,24.7748,0.0
923,2021-09-26 14:45:00,228.3832,0.0,195.2832,33.1,0.0
924,2021-09-26 15:00:00,294.8144,0.0,238.5984,56.216,0.0
925,2021-09-26 15:15:00,268.3172,0.0,227.758,40.5592,0.0
926,2021-09-26 15:30:00,286.6424,0.0,239.304,47.3384,0.0
927,2021-09-26 15:45:00,182.2416,0.0,132.4124,49.8292,0.0
928,2021-09-26 16:00:00,160.918,0.0,116.818,44.1,0.0
929,2021-09-26 16:15:00,143.4,0.0,88.3,55.1,0.0
930,2021-09-26 16:30:00,171.2428,0.0,107.7604,63.4824,0.0
931,2021-09-26 16:45:00,165.8324,0.0,114.0,51.8324,0.0
932,2021-09-26 17:00:00,262.8912,50.0,139.6444,73.2468,0.0
933,2021-09-26 17:15:00,232.3344,0.0,156.0768,76.2576,0.0
934,2021-09-26 17:30:00,199.4792,0.0,153.5188,45.9604,0.0
935,2021-09-26 17:45:00,197.1104,0.0,150.3508,46.7596,0.0
936,2021-09-26 18:00:00,173.8544,0.0,146.4856,27.3688,0.0
937,2021-09-26 18:15:00,173.1432,0.0,147.3432,25.8,0.0
938,2021-09-26 18:30:00,159.024,0.0,110.5124,48.5116,0.0
939,2021-09-26 18:45:00,115.4544,0.0,85.3164,30.138,0.0
940,2021-09-26 19:00:00,101.5572,0.0,84.5,17.0572,0.0
941,2021-09-26 19:15:00,111.994,0.0,86.194,25.8,0.0
942,2021-09-26 19:30:00,118.8304,0.0,85.6304,33.2,0.0
943,2021-09-26 19:45:00,194.5672,0.0,135.8,58.7672,0.0
944,2021-09-26 20:00:00,210.212,0.0,124.1436,86.0684,0.0
945,2021-09-26 20:15:00,207.6768,50.0,100.8848,56.792,0.0
946,2021-09-26 20:30:00,142.4604,0.0,95.4,47.0604,0.0
947,2021-09-26 20:45:00,122.9156,0.0,86.1792,36.7364,0.0
948,2021-09-26 21:00:00,113.3664,0.0,78.5772,34.7892,0.0
949,2021-09-26 21:15:00,140.8492,0.0,80.898,59.9512,0.0
950,2021-09-26 21:30:00,120.3276,0.0,73.4,46.9276,0.0
951,2021-09-26 21:45:00,139.1684,50.0,55.1448,34.0236,0.0
952,2021-09-26 22:00:00,82.6792,0.0,63.5,19.1792,0.0
953,2021-09-26 22:15:00,77.264,0.0,51.564,25.7,0.0
954,2021-09-26 22:30:00,75.3168,0.0,58.8,16.5168,0.0
955,2021-09-26 22:45:00,90.4036,0.0,65.226,14.1776,11.0
956,2021-09-26 23:00:00,82.842,0.0,49.842,22.0,11.0
957,2021-09-26 23:15:00,135.1404,50.0,57.5848,16.5556,11.0
958,2021-09-26 23:30:00,66.1,0.0,44.1,11.0,11.0
959,2021-09-26 23:45:00,88.1,0.0,44.1,33.0,11.0
960,2021-09-27 00:00:00,86.1228,0.0,42.6052,33.0,10.5176
961,2021-09-27 00:15:00,66.1,0.0,33.1,33.0,0.0
962,2021-09-27 00:30:00,53.2768,0.0,31.2768,22.0,0.0
963,2021-09-27 00:45:00,105.1,50.0,33.1,22.0,0.0
964,2021-09-27 01:00:00,66.1,0.0,33.1,33.0,0.0
965,2021-09-27 01:15:00,81.4536,0.0,55.1,26.3536,0.0
966,2021-09-27 01:30:00,88.1,0.0,55.1,33.0,0.0
967,2021-09-27 01:45:00,87.1792,0.0,55.1,32.0792,0.0
968,2021-09-27 02:00:00,62.0648,0.0,52.7768,9.288,0.0
969,2021-09-27 02:15:00,51.4,0.0,51.4,0.0,0.0
970,2021-09-27 02:30:00,51.4,0.0,51.4,0.0,0.0
971,2021-09-27 02:45:00,48.854,0.0,48.854,0.0,0.0
972,2021-09-27 03:00:00,40.4,0.0,40.4,0.0,0.0
973,2021-09-27 03:15:00,28.4,0.0,28.4,0.0,0.0
974,2021-09-27 03:30:00,7.4,0.0,7.4,0.0,0.0
975,2021-09-27 03:45:00,29.4,0.0,7.4,0.0,22.0
976,2021-09-27 04:00:00,21.392,0.0,7.4,0.0,13.992
977,2021-09-27 04:15:00,18.4,0.0,18.4,0.0,0.0
978,2021-09-27 04:30:00,18.4,0.0,18.4,0.0,0.0
979,2021-09-27 04:45:00,18.4,0.0,18.4,0.0,0.0
980,2021-09-27 05:00:00,18.4,0.0,18.4,0.0,0.0
981,2021-09-27 05:15:00,18.702,0.0,18.702,0.0,0.0
982,2021-09-27 05:30:00,9.1924,0.0,9.1924,0.0,0.0
983,2021-09-27 05:45:00,7.4,0.0,7.4,0.0,0.0
984,2021-09-27 06:00:00,7.4,0.0,7.4,0.0,0.0
985,2021-09-27 06:15:00,27.6928,0.0,27.6928,0.0,0.0
986,2021-09-27 06:30:00,130.8,0.0,36.7,0.0,94.1
987,2021-09-27 06:45:00,124.5388,0.0,47.7,0.0,76.8388
988,2021-09-27 07:00:00,195.4044,0.0,81.6044,0.0,113.8
989,2021-09-27 07:15:00,233.1328,0.0,95.4,0.0,137.7328
990,2021-09-27 07:30:00,231.7452,0.0,78.316,0.0,153.4292
991,2021-09-27 07:45:00,338.4968,50.0,95.7832,0.0,192.7136
992,2021-09-27 08:00:00,418.6804,0.0,215.2,0.0,203.4804
993,2021-09-27 08:15:00,360.8276,0.0,206.9676,0.0,153.86
994,2021-09-27 08:30:00,244.8688,0.0,147.2836,0.0,97.5852
995,2021-09-27 08:45:00,283.6992,0.0,182.3,11.0,90.3992
996,2021-09-27 09:00:00,283.048,0.0,144.8968,11.0,127.1512
997,2021-09-27 09:15:00,215.4352,0.0,96.1972,7.626,111.612
998,2021-09-27 09:30:00,213.3336,0.0,102.2688,0.0,111.0648
999,2021-09-27 09:45:00,184.904,0.0,89.304,0.0,95.6
1000,2021-09-27 10:00:00,137.434,0.0,59.0,0.0,78.434
1001,2021-09-27 10:15:00,164.0268,0.0,64.8268,0.0,99.2
1002,2021-09-27 10:30:00,133.6,0.0,58.9,0.0,74.7
1003,2021-09-27 10:45:00,115.206,0.0,58.1432,0.0,57.0628
1004,2021-09-27 11:00:00,109.1444,0.0,58.9,3.7,46.5444
1005,2021-09-27 11:15:00,99.0624,0.0,69.9,3.7,25.4624
1006,2021-09-27 11:30:00,139.0708,0.0,102.2708,14.7,22.1
1007,2021-09-27 11:45:00,151.5496,0.0,100.0496,14.7,36.8
1008,2021-09-27 12:00:00,133.1408,0.0,84.5,11.9548,36.686
1009,2021-09-27 12:15:00,146.1296,0.0,105.6296,14.7,25.8
1010,2021-09-27 12:30:00,171.4656,0.0,131.7124,13.9532,25.8
1011,2021-09-27 12:45:00,206.0984,0.0,158.1984,22.1,25.8
1012,2021-09-27 13:00:00,210.9904,0.0,151.1,44.1,15.7904
1013,2021-09-27 13:15:00,188.3608,0.0,118.1828,45.0756,25.1024
1014,2021-09-27 13:30:00,170.9104,0.0,113.8,35.0104,22.1
1015,2021-09-27 13:45:00,139.914,0.0,102.8,16.7476,20.3664
1016,2021-09-27 14:00:00,148.672,0.0,117.5484,20.0236,11.1
1017,2021-09-27 14:15:00,150.3428,0.0,121.9708,17.272,11.1
1018,2021-09-27 14:30:00,135.5532,0.0,118.7932,11.1,5.66
1019,2021-09-27 14:45:00,185.7192,0.0,149.27,32.7492,3.7
1020,2021-09-27 15:00:00,244.0444,0.0,216.1288,24.2156,3.7
1021,2021-09-27 15:15:00,279.936,0.0,249.6196,26.6164,3.7
1022,2021-09-27 15:30:00,272.6056,0.0,240.1336,28.772,3.7
1023,2021-09-27 15:45:00,239.2708,0.0,200.9708,36.7,1.6
1024,2021-09-27 16:00:00,215.4692,0.0,174.9484,40.5208,0.0
1025,2021-09-27 16:15:00,197.0908,0.0,157.0552,40.0356,0.0
1026,2021-09-27 16:30:00,171.788,0.0,135.088,36.7,0.0
1027,2021-09-27 16:45:00,179.1992,0.0,126.1036,53.0956,0.0
1028,2021-09-27 17:00:00,175.4448,0.0,119.0612,56.3836,0.0
1029,2021-09-27 17:15:00,183.6712,0.0,77.1,106.5712,0.0
1030,2021-09-27 17:30:00,157.9544,0.0,91.7244,66.23,0.0
1031,2021-09-27 17:45:00,112.816,0.0,79.574,33.242,0.0
1032,2021-09-27 18:00:00,114.2824,0.0,71.816,42.4664,0.0
1033,2021-09-27 18:15:00,107.3544,0.0,66.8544,40.5,0.0
1034,2021-09-27 18:30:00,93.6132,0.0,53.1132,40.5,0.0
1035,2021-09-27 18:45:00,107.6216,0.0,59.3132,48.3084,0.0
1036,2021-09-27 19:00:00,155.1372,0.0,100.31,54.8272,0.0
1037,2021-09-27 19:15:00,165.7144,0.0,103.8256,61.8888,0.0
1038,2021-09-27 19:30:00,135.0632,0.0,98.3508,36.7124,0.0
1039,2021-09-27 19:45:00,293.3,150.0,106.5,36.8,0.0
1040,2021-09-27 20:00:00,153.0844,0.0,114.9392,38.1452,0.0
1041,2021-09-27 20:15:00,193.5544,50.0,121.4544,22.1,0.0
1042,2021-09-27 20:30:00,172.6,0.0,135.8,36.8,0.0
1043,2021-09-27 20:45:00,172.652,0.0,128.638,44.014,0.0
1044,2021-09-27 21:00:00,154.7272,0.0,107.452,47.2752,0.0
1045,2021-09-27 21:15:00,138.7868,0.0,80.1244,58.6624,0.0
1046,2021-09-27 21:30:00,124.5088,0.0,51.7644,72.7444,0.0
1047,2021-09-27 21:45:00,161.0632,50.0,49.3116,61.7516,0.0
1048,2021-09-27 22:00:00,117.5,0.0,47.7,69.8,0.0
1049,2021-09-27 22:15:00,101.2836,0.0,40.804,60.4796,0.0
1050,2021-09-27 22:30:00,86.8212,0.0,35.438,51.3832,0.0
1051,2021-09-27 22:45:00,69.3752,0.0,36.7,32.6752,0.0
1052,2021-09-27 23:00:00,62.9784,0.0,47.7,15.2784,0.0
1053,2021-09-27 23:15:00,127.1,50.0,51.4,25.7,0.0
1054,2021-09-27 23:30:00,95.5,0.0,62.4,33.1,0.0
1055,2021-09-27 23:45:00,163.5976,50.0,47.4976,66.1,0.0
1056,2021-09-28 00:00:00,106.788,0.0,47.5952,59.1928,0.0
1057,2021-09-28 00:15:00,77.9664,0.0,35.0344,42.932,0.0
1058,2021-09-28 00:30:00,70.1192,0.0,22.3192,47.8,0.0
1059,2021-09-28 00:45:00,113.3424,50.0,17.3012,46.0412,0.0
1060,2021-09-28 01:00:00,47.4348,0.0,11.0,36.4348,0.0
1061,2021-09-28 01:15:00,36.8,0.0,11.0,25.8,0.0
1062,2021-09-28 01:30:00,33.4948,0.0,11.0,22.4948,0.0
1063,2021-09-28 01:45:00,44.1,0.0,11.0,33.1,0.0
1064,2021-09-28 02:00:00,41.2124,0.0,11.0,30.2124,0.0
1065,2021-09-28 02:15:00,90.4,50.0,11.0,29.4,0.0
1066,2021-09-28 02:30:00,40.4,0.0,11.0,29.4,0.0
1067,2021-09-28 02:45:00,40.4,0.0,11.0,29.4,0.0
1068,2021-09-28 03:00:00,40.4,0.0,11.0,29.4,0.0
1069,2021-09-28 03:15:00,40.4,0.0,11.0,29.4,0.0
1070,2021-09-28 03:30:00,33.4712,0.0,11.0,22.4712,0.0
1071,2021-09-28 03:45:00,29.4,0.0,11.0,18.4,0.0
1072,2021-09-28 04:00:00,14.3608,0.0,3.7756,10.5852,0.0
1073,2021-09-28 04:15:00,3.7,0.0,0.0,3.7,0.0
1074,2021-09-28 04:30:00,6.8836,0.0,3.7,3.1836,0.0
1075,2021-09-28 04:45:00,3.7,0.0,3.7,0.0,0.0
1076,2021-09-28 05:00:00,12.6028,0.0,12.6028,0.0,0.0
1077,2021-09-28 05:15:00,3.7,0.0,3.7,0.0,0.0
1078,2021-09-28 05:30:00,3.7,0.0,3.7,0.0,0.0
1079,2021-09-28 05:45:00,3.7,0.0,3.7,0.0,0.0
1080,2021-09-28 06:00:00,25.7,0.0,14.7,0.0,11.0
1081,2021-09-28 06:15:00,36.7,0.0,25.7,0.0,11.0
1082,2021-09-28 06:30:00,65.744,0.0,53.7724,0.0,11.9716
1083,2021-09-28 06:45:00,51.4,0.0,29.4,0.0,22.0
1084,2021-09-28 07:00:00,93.6424,0.0,29.4,0.0,64.2424
1085,2021-09-28 07:15:00,155.8672,0.0,51.4,0.0,104.4672
1086,2021-09-28 07:30:00,173.5784,0.0,41.08,0.0,132.4984
1087,2021-09-28 07:45:00,188.7908,0.0,62.4,0.0,126.3908
1088,2021-09-28 08:00:00,199.7792,0.0,73.5,0.0,126.2792
1089,2021-09-28 08:15:00,223.7276,0.0,76.8536,7.9372,138.9368
1090,2021-09-28 08:30:00,221.5224,0.0,95.5,0.0,126.0224
1091,2021-09-28 08:45:00,246.2184,0.0,117.6,11.0,117.6184
1092,2021-09-28 09:00:00,201.1084,0.0,99.5756,11.0,90.5328
1093,2021-09-28 09:15:00,190.9024,0.0,86.9404,11.0,92.962
1094,2021-09-28 09:30:00,226.4,50.0,84.6,11.0,80.8
1095,2021-09-28 09:45:00,220.4352,0.0,122.7716,11.0,86.6636
1096,2021-09-28 10:00:00,237.4888,0.0,132.188,18.1804,87.1204
1097,2021-09-28 10:15:00,182.4692,0.0,121.762,11.0,49.7072
1098,2021-09-28 10:30:00,181.5056,0.0,136.3068,11.0,34.1988
1099,2021-09-28 10:45:00,191.2708,0.0,132.4708,11.0,47.8
1100,2021-09-28 11:00:00,220.1832,0.0,142.2,22.0,55.9832
1101,2021-09-28 11:15:00,193.3072,0.0,116.2072,22.0,55.1
1102,2021-09-28 11:30:00,168.5884,0.0,81.7476,43.6096,43.2312
1103,2021-09-28 11:45:00,146.8096,0.0,86.796,33.0,27.0136
1104,2021-09-28 12:00:00,131.298,0.0,70.3432,53.5548,7.4
1105,2021-09-28 12:15:00,96.6248,0.0,45.8776,44.0,6.7472
1106,2021-09-28 12:30:00,127.386,50.0,32.7168,40.9692,3.7
1107,2021-09-28 12:45:00,66.9348,0.0,36.2,28.116,2.6188
1108,2021-09-28 13:00:00,60.2772,0.0,29.626,30.6512,0.0
1109,2021-09-28 13:15:00,81.1696,0.0,22.1,59.0696,0.0
1110,2021-09-28 13:30:00,71.9564,0.0,47.8,24.1564,0.0
1111,2021-09-28 13:45:00,97.6744,0.0,59.4368,38.2376,0.0
1112,2021-09-28 14:00:00,88.2,0.0,69.8,18.4,0.0
1113,2021-09-28 14:15:00,138.0568,0.0,104.464,11.5928,22.0
1114,2021-09-28 14:30:00,170.2028,50.0,76.1028,22.1,22.0
1115,2021-09-28 14:45:00,125.5188,0.0,81.58,21.9388,22.0
1116,2021-09-28 15:00:00,148.0192,0.0,85.8276,36.4916,25.7
1117,2021-09-28 15:15:00,157.8,0.0,84.4,47.7,25.7
1118,2021-09-28 15:30:00,218.0096,50.0,94.6096,47.7,25.7
1119,2021-09-28 15:45:00,193.498,0.0,105.398,62.4,25.7
1120,2021-09-28 16:00:00,195.8544,0.0,100.6836,69.4708,25.7
1121,2021-09-28 16:15:00,205.2844,0.0,94.0928,85.4916,25.7
1122,2021-09-28 16:30:00,147.5944,0.0,93.4484,46.1976,7.9484
1123,2021-09-28 16:45:00,185.57,50.0,78.3648,57.2052,0.0
1124,2021-09-28 17:00:00,80.9,0.0,36.8,44.1,0.0
1125,2021-09-28 17:15:00,96.5944,0.0,52.3076,44.2868,0.0
1126,2021-09-28 17:30:00,168.5316,50.0,74.4316,44.1,0.0
1127,2021-09-28 17:45:00,264.3412,50.0,155.5412,58.8,0.0
1128,2021-09-28 18:00:00,237.7664,0.0,150.6,76.1664,11.0
1129,2021-09-28 18:15:00,243.5872,0.0,160.9924,71.5948,11.0
1130,2021-09-28 18:30:00,179.5364,0.0,112.9764,62.5,4.06
1131,2021-09-28 18:45:00,181.0516,0.0,128.6496,52.402,0.0
1132,2021-09-28 19:00:00,277.9612,50.0,137.616,90.3452,0.0
1133,2021-09-28 19:15:00,207.5864,0.0,109.5776,98.0088,0.0
1134,2021-09-28 19:30:00,235.0104,0.0,128.6,106.4104,0.0
1135,2021-09-28 19:45:00,227.8068,0.0,117.5372,110.2696,0.0
1136,2021-09-28 20:00:00,183.4308,0.0,92.4308,91.0,0.0
1137,2021-09-28 20:15:00,251.8212,50.0,117.2176,84.6036,0.0
1138,2021-09-28 20:30:00,179.194,0.0,118.4492,60.7448,0.0
1139,2021-09-28 20:45:00,161.118,0.0,91.622,69.496,0.0
1140,2021-09-28 21:00:00,151.6844,0.0,77.2768,74.4076,0.0
1141,2021-09-28 21:15:00,254.374,150.0,59.2664,45.1076,0.0
1142,2021-09-28 21:30:00,148.1768,50.0,47.2,50.9768,0.0
1143,2021-09-28 21:45:00,117.1216,0.0,78.3408,38.7808,0.0
1144,2021-09-28 22:00:00,113.8964,0.0,73.5,40.3964,0.0
1145,2021-09-28 22:15:00,123.968,0.0,92.3,31.668,0.0
1146,2021-09-28 22:30:00,103.6752,0.0,81.5752,22.1,0.0
1147,2021-09-28 22:45:00,77.3996,0.0,44.2996,33.1,0.0
1148,2021-09-28 23:00:00,84.9448,0.0,44.1,40.8448,0.0
1149,2021-09-28 23:15:00,69.8416,0.0,47.8,22.0416,0.0
1150,2021-09-28 23:30:00,56.7712,0.0,50.8,5.9712,0.0
1151,2021-09-28 23:45:00,55.2,0.0,47.8,7.4,0.0
1152,2021-09-29 00:00:00,50.1004,0.0,42.7004,7.4,0.0
1153,2021-09-29 00:15:00,51.5,0.0,44.1,7.4,0.0
1154,2021-09-29 00:30:00,69.9,0.0,47.8,22.1,0.0
1155,2021-09-29 00:45:00,99.9576,0.0,69.8,30.1576,0.0
1156,2021-09-29 01:00:00,105.4332,0.0,80.8,24.6332,0.0
1157,2021-09-29 01:15:00,78.7908,0.0,70.2676,8.5232,0.0
1158,2021-09-29 01:30:00,65.2536,0.0,61.5536,3.7,0.0
1159,2021-09-29 01:45:00,56.2336,0.0,52.5336,3.7,0.0
1160,2021-09-29 02:00:00,55.2,0.0,51.5,3.7,0.0
1161,2021-09-29 02:15:00,55.2,0.0,51.5,3.7,0.0
1162,2021-09-29 02:30:00,44.0492,0.0,29.3492,14.7,0.0
1163,2021-09-29 02:45:00,40.5,0.0,25.8,14.7,0.0
1164,2021-09-29 03:00:00,40.6004,0.0,25.9004,14.7,0.0
1165,2021-09-29 03:15:00,30.9116,0.0,16.2116,14.7,0.0
1166,2021-09-29 03:30:00,28.7868,0.0,14.8,13.9868,0.0
1167,2021-09-29 03:45:00,25.8,0.0,14.8,11.0,0.0
1168,2021-09-29 04:00:00,25.8,0.0,14.8,11.0,0.0
1169,2021-09-29 04:15:00,25.8,0.0,14.8,11.0,0.0
1170,2021-09-29 04:30:00,16.1,0.0,14.8,1.3,0.0
1171,2021-09-29 04:45:00,14.8,0.0,14.8,0.0,0.0
1172,2021-09-29 05:00:00,18.5,0.0,18.5,0.0,0.0
1173,2021-09-29 05:15:00,18.5,0.0,18.5,0.0,0.0
1174,2021-09-29 05:30:00,15.3,0.0,15.3,0.0,0.0
1175,2021-09-29 05:45:00,60.1088,0.0,45.4088,0.0,14.7
1176,2021-09-29 06:00:00,76.9392,0.0,36.5392,0.0,40.4
1177,2021-09-29 06:15:00,106.5,0.0,33.1,0.0,73.4
1178,2021-09-29 06:30:00,132.3872,0.0,55.1,0.0,77.2872
1179,2021-09-29 06:45:00,146.5116,0.0,51.9,0.0,94.6116
1180,2021-09-29 07:00:00,193.8724,0.0,91.8,0.0,102.0724
1181,2021-09-29 07:15:00,251.164,50.0,102.1784,0.0,98.9856
1182,2021-09-29 07:30:00,179.0512,0.0,70.7704,0.0,108.2808
1183,2021-09-29 07:45:00,201.556,0.0,67.8716,0.0,133.6844
1184,2021-09-29 08:00:00,293.6152,0.0,95.646,0.0,197.9692
1185,2021-09-29 08:15:00,217.1436,0.0,80.1808,0.0,136.9628
1186,2021-09-29 08:30:00,222.3472,0.0,63.85,11.0,147.4972
1187,2021-09-29 08:45:00,196.8436,0.0,51.5,14.7,130.6436
1188,2021-09-29 09:00:00,201.0868,0.0,66.706,14.7,119.6808
1189,2021-09-29 09:15:00,139.9824,0.0,66.7404,12.2644,60.9776
1190,2021-09-29 09:30:00,126.9816,0.0,66.2,3.7,57.0816
1191,2021-09-29 09:45:00,99.5896,0.0,55.128,3.7,40.7616
1192,2021-09-29 10:00:00,158.3048,50.0,52.6108,3.2716,52.4224
1193,2021-09-29 10:15:00,140.062,50.0,38.562,0.0,51.5
1194,2021-09-29 10:30:00,94.99,0.0,44.2,0.0,50.79
1195,2021-09-29 10:45:00,129.1,0.0,84.5,0.0,44.6
1196,2021-09-29 11:00:00,182.2424,0.0,124.9,14.7,42.6424
1197,2021-09-29 11:15:00,172.6,0.0,117.5,14.7,40.4
1198,2021-09-29 11:30:00,180.7984,0.0,132.6184,14.7,33.48
1199,2021-09-29 11:45:00,219.9,50.0,132.2,14.7,23.0
1200,2021-09-29 12:00:00,154.5568,0.0,128.326,5.0304,21.2004
1201,2021-09-29 12:15:00,132.1724,0.0,113.7724,7.4,11.0
1202,2021-09-29 12:30:00,131.0664,0.0,114.0916,11.1,5.8748
1203,2021-09-29 12:45:00,112.4564,0.0,101.3564,11.1,0.0
1204,2021-09-29 13:00:00,116.1492,0.0,102.95,13.1992,0.0
1205,2021-09-29 13:15:00,183.2356,50.0,100.9828,21.2528,11.0
1206,2021-09-29 13:30:00,176.2,0.0,132.1,33.1,11.0
1207,2021-09-29 13:45:00,170.7792,0.0,121.2012,38.578,11.0
1208,2021-09-29 14:00:00,128.6464,0.0,87.4072,30.2392,11.0
1209,2021-09-29 14:15:00,116.4948,0.0,86.2096,19.2852,11.0
1210,2021-09-29 14:30:00,95.5772,0.0,85.742,7.5896,2.2456
1211,2021-09-29 14:45:00,111.0644,50.0,55.2604,5.804,0.0
1212,2021-09-29 15:00:00,196.0744,100.0,71.2316,24.8428,0.0
1213,2021-09-29 15:15:00,115.3128,0.0,55.1,60.2128,0.0
1214,2021-09-29 15:30:00,113.0444,0.0,57.1816,55.8628,0.0
1215,2021-09-29 15:45:00,151.0604,0.0,77.6604,73.4,0.0
1216,2021-09-29 16:00:00,182.4124,0.0,98.0124,84.4,0.0
1217,2021-09-29 16:15:00,215.7712,0.0,129.1088,86.6624,0.0
1218,2021-09-29 16:30:00,189.05,0.0,131.3892,46.6608,11.0
1219,2021-09-29 16:45:00,241.7996,50.0,140.7772,40.0224,11.0
1220,2021-09-29 17:00:00,211.1552,0.0,167.8716,33.1,10.1836
1221,2021-09-29 17:15:00,207.8348,0.0,141.9144,54.9204,11.0
1222,2021-09-29 17:30:00,188.6832,0.0,118.1548,65.2676,5.2608
1223,2021-09-29 17:45:00,209.5964,0.0,122.8804,86.716,0.0
1224,2021-09-29 18:00:00,153.2088,0.0,84.8896,68.3192,0.0
1225,2021-09-29 18:15:00,160.948,0.0,72.2392,88.7088,0.0
1226,2021-09-29 18:30:00,176.2616,0.0,84.6,80.6616,11.0
1227,2021-09-29 18:45:00,173.0668,0.0,117.6,44.4668,11.0
1228,2021-09-29 19:00:00,163.8548,0.0,100.49,52.3648,11.0
1229,2021-09-29 19:15:00,277.7392,150.0,83.404,42.6336,1.7016
1230,2021-09-29 19:30:00,94.8784,0.0,73.6364,21.242,0.0
1231,2021-09-29 19:45:00,143.3,0.0,99.2,44.1,0.0
1232,2021-09-29 20:00:00,147.1084,0.0,106.0084,41.1,0.0
1233,2021-09-29 20:15:00,118.2536,0.0,88.1,30.1536,0.0
1234,2021-09-29 20:30:00,123.6808,0.0,83.1808,40.5,0.0
1235,2021-09-29 20:45:00,135.0596,0.0,87.7708,47.2888,0.0
1236,2021-09-29 21:00:00,109.9112,0.0,62.4,47.5112,0.0
1237,2021-09-29 21:15:00,120.3544,0.0,51.4,68.9544,0.0
1238,2021-09-29 21:30:00,161.934,50.0,51.998,59.936,0.0
1239,2021-09-29 21:45:00,86.2192,0.0,45.7192,40.5,0.0
1240,2021-09-29 22:00:00,97.232,0.0,55.5,41.732,0.0
1241,2021-09-29 22:15:00,113.948,0.0,76.804,37.144,0.0
1242,2021-09-29 22:30:00,114.5792,0.0,39.4876,64.0916,11.0
1243,2021-09-29 22:45:00,102.9,0.0,44.1,47.8,11.0
1244,2021-09-29 23:00:00,128.0384,0.0,55.1,70.1564,2.782
1245,2021-09-29 23:15:00,119.1892,0.0,51.6268,67.5624,0.0
1246,2021-09-29 23:30:00,123.3264,0.0,55.6944,67.632,0.0
1247,2021-09-29 23:45:00,105.9456,0.0,46.7024,59.2432,0.0
1248,2021-09-30 00:00:00,149.1,50.0,36.7,62.4,0.0
1249,2021-09-30 00:15:00,108.0232,0.0,36.7,71.3232,0.0
1250,2021-09-30 00:30:00,99.1,0.0,36.7,62.4,0.0
1251,2021-09-30 00:45:00,80.1,0.0,32.4,47.7,0.0
1252,2021-09-30 01:00:00,62.6844,0.0,29.4,33.2844,0.0
1253,2021-09-30 01:15:00,32.6364,0.0,17.9364,14.7,0.0
1254,2021-09-30 01:30:00,21.4024,0.0,11.1,10.3024,0.0
1255,2021-09-30 01:45:00,36.8,0.0,11.1,3.7,22.0
1256,2021-09-30 02:00:00,36.8,0.0,11.1,3.7,22.0
1257,2021-09-30 02:15:00,19.6084,0.0,11.1,3.7,4.8084
1258,2021-09-30 02:30:00,11.6,0.0,7.9,3.7,0.0
1259,2021-09-30 02:45:00,11.1,0.0,7.4,3.7,0.0
1260,2021-09-30 03:00:00,11.1,0.0,7.4,3.7,0.0
1261,2021-09-30 03:15:00,61.1,50.0,7.4,3.7,0.0
1262,2021-09-30 03:30:00,33.1,0.0,29.4,3.7,0.0
1263,2021-09-30 03:45:00,33.1,0.0,29.4,3.7,0.0
1264,2021-09-30 04:00:00,31.692,0.0,27.992,3.7,0.0
1265,2021-09-30 04:15:00,11.1,0.0,7.4,3.7,0.0
1266,2021-09-30 04:30:00,7.4,0.0,3.7,3.7,0.0
1267,2021-09-30 04:45:00,7.4,0.0,3.7,3.7,0.0
1268,2021-09-30 05:00:00,11.1,0.0,7.4,3.7,0.0
1269,2021-09-30 05:15:00,11.1,0.0,7.4,3.7,0.0
1270,2021-09-30 05:30:00,45.822,0.0,38.422,3.7,3.7
1271,2021-09-30 05:45:00,40.4,0.0,33.0,3.7,3.7
1272,2021-09-30 06:00:00,9.9564,0.0,2.5564,3.7,3.7
1273,2021-09-30 06:15:00,25.8,0.0,3.7,3.7,18.4
1274,2021-09-30 06:30:00,58.8,0.0,25.7,3.7,29.4
1275,2021-09-30 06:45:00,77.558,0.0,56.9756,3.7,16.8824
1276,2021-09-30 07:00:00,167.3148,0.0,82.9148,3.7,80.7
1277,2021-09-30 07:15:00,200.2856,0.0,62.738,3.7,133.8476
1278,2021-09-30 07:30:00,220.2,0.0,62.4,3.7,154.1
1279,2021-09-30 07:45:00,300.0924,0.0,67.2128,13.36,219.5196
1280,2021-09-30 08:00:00,242.512,0.0,66.1,11.0,165.412
1281,2021-09-30 08:15:00,246.9352,0.0,103.7352,11.0,132.2
1282,2021-09-30 08:30:00,227.466,0.0,100.0312,11.0,116.4348
1283,2021-09-30 08:45:00,301.3888,50.0,110.2,5.6792,135.5096
1284,2021-09-30 09:00:00,255.354,0.0,96.6268,0.0,158.7272
1285,2021-09-30 09:15:00,235.7508,0.0,88.2,0.0,147.5508
1286,2021-09-30 09:30:00,231.7028,0.0,81.11,11.0,139.5928
1287,2021-09-30 09:45:00,148.9444,0.0,51.1804,11.0,86.764
1288,2021-09-30 10:00:00,143.5636,0.0,49.02,6.494,88.0496
1289,2021-09-30 10:15:00,158.788,0.0,80.8,0.0,77.988
1290,2021-09-30 10:30:00,111.6396,0.0,69.7228,0.0,41.9168
1291,2021-09-30 10:45:00,132.7328,0.0,95.9328,0.0,36.8
1292,2021-09-30 11:00:00,138.6232,0.0,99.1,11.0,28.5232
1293,2021-09-30 11:15:00,121.2132,0.0,95.278,16.7428,9.1924
1294,2021-09-30 11:30:00,86.216,0.0,54.9956,23.8204,7.4
1295,2021-09-30 11:45:00,103.038,0.0,65.7092,29.9288,7.4
1296,2021-09-30 12:00:00,82.3088,0.0,62.5,14.9448,4.864
1297,2021-09-30 12:15:00,99.2,0.0,69.8,25.7,3.7
1298,2021-09-30 12:30:00,75.1832,0.0,45.7832,25.7,3.7
1299,2021-09-30 12:45:00,59.48,0.0,40.4,18.58,0.5
1300,2021-09-30 13:00:00,70.8644,0.0,51.4,19.4644,0.0
1301,2021-09-30 13:15:00,73.0764,0.0,62.0764,11.0,0.0
1302,2021-09-30 13:30:00,84.5,0.0,69.8,14.7,0.0
1303,2021-09-30 13:45:00,107.2524,0.0,92.5524,14.7,0.0
1304,2021-09-30 14:00:00,100.354,0.0,82.3484,18.0056,0.0
1305,2021-09-30 14:15:00,81.8092,0.0,56.1092,25.7,0.0
1306,2021-09-30 14:30:00,88.1,0.0,62.4,25.7,0.0
1307,2021-09-30 14:45:00,176.256,50.0,75.0,29.256,22.0
1308,2021-09-30 15:00:00,106.5,0.0,51.4,33.1,22.0
1309,2021-09-30 15:15:00,125.4084,0.0,80.8,38.486,6.1224
1310,2021-09-30 15:30:00,104.6312,0.0,86.1312,18.5,0.0
1311,2021-09-30 15:45:00,137.1488,0.0,76.5,60.6488,0.0
1312,2021-09-30 16:00:00,109.964,0.0,61.8436,48.1204,0.0
1313,2021-09-30 16:15:00,109.338,0.0,81.6788,27.6592,0.0
1314,2021-09-30 16:30:00,145.2788,0.0,97.4788,47.8,0.0
1315,2021-09-30 16:45:00,264.2916,50.0,162.7916,51.5,0.0
1316,2021-09-30 17:00:00,281.214,0.0,212.9844,68.2296,0.0
1317,2021-09-30 17:15:00,218.5612,0.0,183.5108,31.3504,3.7
1318,2021-09-30 17:30:00,340.3368,0.0,279.1868,57.45,3.7
1319,2021-09-30 17:45:00,324.8844,0.0,276.1772,36.3956,12.3116
1320,2021-09-30 18:00:00,265.5768,0.0,206.9004,54.9764,3.7
1321,2021-09-30 18:15:00,305.9304,0.0,239.8304,62.4,3.7
1322,2021-09-30 18:30:00,367.7476,50.0,248.8524,65.1952,3.7
1323,2021-09-30 18:45:00,332.7196,0.0,239.3468,89.6728,3.7
1324,2021-09-30 19:00:00,325.9024,0.0,213.4092,108.7932,3.7
1325,2021-09-30 19:15:00,274.8636,0.0,172.2392,98.9244,3.7
1326,2021-09-30 19:30:00,218.8956,0.0,131.5876,83.608,3.7
1327,2021-09-30 19:45:00,148.1108,0.0,71.8404,72.5704,3.7
1328,2021-09-30 20:00:00,157.0688,0.0,77.6096,75.7592,3.7
1329,2021-09-30 20:15:00,160.9904,0.0,75.0524,82.238,3.7
1330,2021-09-30 20:30:00,151.252,0.0,84.4,63.152,3.7
1331,2021-09-30 20:45:00,133.8612,0.0,82.3612,47.8,3.7
1332,2021-09-30 21:00:00,116.674,0.0,64.674,51.5,0.5
1333,2021-09-30 21:15:00,114.84,0.0,52.34,51.5,11.0
1334,2021-09-30 21:30:00,99.4488,0.0,36.9488,51.5,11.0
1335,2021-09-30 21:45:00,121.414,0.0,30.9708,86.598,3.8452
1336,2021-09-30 22:00:00,173.8272,50.0,36.7,83.4272,3.7
1337,2021-09-30 22:15:00,125.1412,0.0,34.3768,87.0644,3.7
1338,2021-09-30 22:30:00,106.5756,0.0,26.8672,72.3084,7.4
1339,2021-09-30 22:45:00,121.5876,0.0,34.9852,57.2024,29.4
1340,2021-09-30 23:00:00,252.978,150.0,32.9416,41.022,29.0144
1341,2021-09-30 23:15:00,61.404,0.0,20.5576,31.6788,9.1676
1342,2021-09-30 23:30:00,61.6984,0.0,25.7,28.5984,7.4
1343,2021-09-30 23:45:00,80.9692,0.0,29.4,44.1692,7.4
1344,2021-10-01 00:00:00,61.9856,0.0,36.1,18.4856,7.4
